id,domain,status,purchase_price,renewal_price,attractiveness,demand,length,registrar,created_at,expires_at,status_verified_at
3cd57bde-a1f6-458e-9fd7-96474c195070,elvish.management,available,14.99,33.99,medium,low,6,name.com,,,16/08/2026 03:43
e373daf2-6fe9-4ce1-b946-12b1facea655,physician.management,available,25.99,25.99,high,low,9,namesilo,,,24/09/2026 23:20
91c61094-1627-4418-babb-63e7d7e8d4a1,cow.management,available,20.9,20.9,high,low,3,spaceship,,,29/09/2026 11:54
c18a092e-f738-424e-a6e7-484f45c2f22e,gaza.management,available,25.99,25.99,high,low,4,namesilo,,,25/09/2026 06:23
363a57e4-d3ee-4ba7-9b83-6e361ffd348b,arawak.management,available,14.99,33.99,medium,low,6,name.com,,,06/08/2026 12:38
154639cc-4f14-419a-9b49-0bc62cf61c52,accented.management,available,14.99,33.99,medium,low,8,name.com,,,
d37008e3-5101-4e7c-8750-bbc60b34d625,doubles.management,available,20.9,20.9,high,low,7,spaceship,,,28/09/2026 18:58
cb2573d0-fe87-4a69-953b-6faf0685efd7,undeclared.management,available,25.99,25.99,medium,low,10,namesilo,,,12/09/2026 07:06
5b7ad46e-27bd-46f4-b71b-ff397e3ef1ff,ecstasy.management,available,25.99,25.99,high,low,7,namesilo,,,29/09/2026 12:00
b97be8b1-01a1-412a-950d-da574afab541,tibet.management,available,20.2,20.2,high,low,5,cloudflare,,,28/09/2026 20:29
cf92a198-1cde-4854-8345-8be1f472955a,illusion.management,available,25.99,25.99,high,low,8,namesilo,,,24/09/2026 16:35
2c7d8014-5f7a-46bb-9bd5-955b11273c24,dita.management,available,25.99,25.99,medium,low,4,namesilo,,,18/09/2026 14:25
d3c23d42-2d4d-416d-b89c-4001968cb7f6,ventilation.management,available,20.9,20.9,high,low,11,spaceship,,,29/09/2026 04:52
fcc823c6-32d1-4297-b0a1-e4ea579ab082,uncontrollable.management,available,14.99,,medium,low,14,name.com,,,
6075136d-c878-40f7-8246-434b71ea1d8f,lists.management,available,25.99,25.99,medium,low,5,namesilo,,,17/09/2026 08:32
ab4e21a4-c635-47ed-950b-6fe7a3426394,sternberg.management,available,8.24,21.62,medium,low,9,dynadot,,,29/09/2026 15:45
eaa17b1b-0bf1-4341-a2d2-1efab51f2837,jorge.management,available,25.99,25.99,high,low,5,namesilo,,,25/09/2026 13:21
62a8fa03-bd48-4f48-8d87-5a1fcceb9e10,agra.management,available,26.98,34.98,medium,low,4,namecheap,,,17/09/2026 19:09
5f527072-6691-45c1-9743-a831b07ec89a,mortars.management,available,25.99,25.99,low,low,7,namesilo,,,21/09/2026 02:28
7562d6e9-db41-42e8-b577-bf5338ed13b1,bering.management,available,25.99,25.99,high,low,6,namesilo,,,23/09/2026 04:03
349ef55b-4b70-4f04-8682-d8bfac0a2d05,psa.management,available,20.2,20.2,high,low,3,cloudflare,,,28/09/2026 06:38
93f8fedd-c25b-43fd-92de-98dca50edbbc,unforced.management,available,25.99,25.99,medium,low,8,namesilo,,,12/09/2026 05:40
3c69cd19-f24b-48ae-8811-8d858f3e7217,arachnoid.management,available,14.99,33.99,medium,low,9,name.com,,,06/08/2026 11:41
37a8e0a3-6b8b-4c59-9078-e47b2561de04,dictate.management,available,25.99,25.99,high,low,7,namesilo,,,29/09/2026 18:38
d8be28d2-3e47-4aac-9bfc-848bba6717eb,decline.management,available,20.2,20.2,medium,low,7,cloudflare,,,28/09/2026 13:52
156c4531-a7e9-43a9-99f6-affeca88d920,rootbound.management,available,25.99,25.99,medium,low,9,namesilo,,,09/09/2026 00:46
cd8945fd-3321-4c96-a287-e6cb3790a6cf,repulsive.management,available,14.99,33.99,medium,low,9,name.com,,,
09b4046a-05b0-44b7-9c4c-20764a43facf,zones.management,available,20.2,20.2,medium,low,5,cloudflare,,,29/09/2026 16:49
e4c917dc-8d07-4c43-bfd4-d9b306290355,tonic.management,available,25.99,25.99,high,low,5,namesilo,,,19/09/2026 16:01
c74fab83-0353-4371-bcf0-5faf936d39db,depart.management,available,20.9,20.9,high,low,6,spaceship,,,28/09/2026 20:27
51afbcf9-5d76-4ba1-8a5e-b7ae9ce1e379,vacuous.management,available,14.99,33.99,low,low,7,name.com,,,07/08/2026 02:52
f67a6834-cc34-48bf-a612-4830186e2843,positron.management,available,26.98,34.98,high,low,8,namecheap,,,19/09/2026 14:21
9a094645-98c3-4c81-ad33-9fd0b3f27939,pennies.management,available,14.99,,medium,low,7,name.com,,,
2cf5b976-99fe-4b32-9ae2-5065f365e24c,weighty.management,available,14.99,33.99,medium,low,7,name.com,,,12/08/2026 15:37
c6cd8c21-5041-423d-b029-e1ad7106cb6e,rational.management,available,14.99,33.99,high,low,8,name.com,,,22/08/2026 07:50
326248b5-e4d0-4e3a-a1f0-6967be4e128d,arse.management,available,14.99,33.99,medium,low,4,name.com,,,09/08/2026 10:35
138e6344-310b-4a2d-977a-88f8fd979995,hussy.management,available,25.99,25.99,medium,low,5,namesilo,,,17/09/2026 10:20
52ba09d3-26bb-485d-a07f-d2751faec6e2,lethal.management,available,14.99,33.99,high,low,6,name.com,,,23/08/2026 00:26
dae55ef8-b37b-4290-9cb1-eff50ce4d18e,alien.management,available,14.99,33.99,high,medium,5,name.com,,,
04b3ef69-dd32-4597-8951-aa8564a5d490,failing.management,available,14.99,33.99,medium,low,7,name.com,,,17/08/2026 20:44
c63d614c-f608-4ae7-bbe5-f2e33c168832,widespread.management,available,26.98,34.98,high,low,10,namecheap,,,24/09/2026 16:57
02ac80a3-e4b1-4eff-be42-c835e2ed7441,postmark.management,available,14.99,33.99,high,low,8,name.com,,,18/08/2026 14:12
04fa566c-cc4d-49e7-aa42-f9b24d22260a,badges.management,available,25.99,25.99,medium,low,6,namesilo,,,29/09/2026 17:33
ad42e3a1-1356-4cc1-b96a-fafe67eb7226,anchorage.management,available,26.98,34.98,high,low,9,namecheap,,,19/09/2026 03:43
de417add-6e99-47c9-a2da-7ebd7e434d49,katz.management,available,25.99,25.99,high,low,4,namesilo,,,25/09/2026 15:43
131f9fff-a6f2-4f7e-aeb3-cd3bc70ae82e,pantheist.management,available,25.99,25.99,medium,low,9,namesilo,,,05/09/2026 01:06
4f2fcad3-4df6-4e92-9219-ec250a589642,thee.management,available,14.99,,high,low,4,name.com,,,
9c75edbb-19cb-452c-9a8c-02d64810f13c,permit.management,available,25.99,25.99,high,low,6,namesilo,,,24/09/2026 18:39
bc730dd7-282a-4b38-9f03-9de2ccdad84d,rescue.management,available,20.9,20.9,high,low,6,spaceship,,,29/09/2026 13:46
b78f07ca-eb66-47bf-acfb-d24950018440,mcmahon.management,available,25.99,25.99,high,low,7,namesilo,,,25/09/2026 21:50
52d54005-80f8-4e84-8b24-955c4de0b71c,visits.management,available,20.9,20.9,medium,low,6,spaceship,,,28/09/2026 13:15
f8f1badc-360a-4b2c-974c-d2aeab83a0b7,zone.management,premium,102.67,102.67,high,low,4,spaceship,,,29/09/2026 16:21
6914fd76-1d3e-4fa1-b0a3-e3bfde982f72,standardize.management,available,14.99,,high,low,11,name.com,,,
0f075a47-6d03-42bf-8348-d19f63328cfc,length.management,available,25.99,25.99,high,low,6,namesilo,,,30/09/2026 02:48
a92d5705-42af-4eef-9605-7c58df5c6761,watt.management,available,25.99,25.99,high,low,4,namesilo,,,30/09/2026 00:36
30de3664-4ec2-4f90-bb64-734de48a08eb,darn.management,available,14.99,33.99,high,low,4,name.com,,,13/08/2026 16:10
6dc08255-487c-4a11-8165-342769db7d1f,stateless.management,available,14.99,33.99,medium,low,9,name.com,,,21/08/2026 11:01
2fb66baf-348c-4166-8ae0-d9b2a3339fdf,propranolol.management,available,25.99,25.99,high,low,11,namesilo,,,20/09/2026 00:29
25c3ddf0-bd8f-4c6a-9db7-dae459389b6e,utter.management,available,20.9,20.9,high,low,5,spaceship,,,28/09/2026 10:04
67a1a981-9145-479d-8475-e90a3dd14112,barograph.management,available,25.99,25.99,medium,low,9,namesilo,,,22/09/2026 06:59
f7ed16d5-a52b-4098-81ac-aa6821683a9f,greenhouse.management,available,14.99,33.99,high,low,10,name.com,,,20/08/2026 19:51
5f487199-0308-4665-a3f7-410bc540132c,abhorrent.management,available,25.99,25.99,medium,low,9,namesilo,,,21/09/2026 13:49
0d840769-9080-47c0-abca-dd516803800d,genesee.management,available,8.24,21.11,medium,low,7,porkbun,,,28/09/2026 08:10
c3e630fd-b5f3-4001-b48c-b2d9a4daec40,romp.management,available,26.98,34.98,high,low,4,namecheap,,,09/09/2026 19:26
6da37d84-8bf9-44bb-9571-be88c53884a3,indicating.management,available,20.9,20.9,medium,low,10,spaceship,,,29/09/2026 10:48
89aba387-b965-469d-8ad7-6c3aa80b8a64,reap.management,available,25.99,25.99,high,low,4,namesilo,,,30/09/2026 01:50
a9e12944-2405-4e9c-ad3c-ff30a749572d,shipment.management,available,26.98,34.98,high,low,8,namecheap,,,24/09/2026 12:59
2f812b44-a80d-4c98-9103-d69470eb593f,ombu.management,available,25.99,25.99,medium,low,4,namesilo,,,23/09/2026 05:53
7b29cd68-9663-45fb-875e-316edeba1930,lara.management,available,20.9,20.9,high,low,4,spaceship,,,27/09/2026 19:35
3a806e95-b9fe-4cdd-82a7-9ae03f64d7f2,ignoble.management,available,14.99,33.99,medium,low,7,name.com,,,21/08/2026 18:23
fb43bdbe-cbbf-4fe0-b6ed-5ec0d5b0d5dd,hourlong.management,available,14.99,33.99,medium,low,8,name.com,,,21/08/2026 14:22
a438e0bd-45c6-4020-a0c6-dffdf539df53,programmes.management,available,25.99,25.99,medium,low,10,namesilo,,,20/09/2026 10:20
0d1d9a59-3535-4d72-9c29-a7f829ace41d,barren.management,available,14.99,33.99,medium,low,6,name.com,,,08/08/2026 20:57
c970c773-1913-4063-8ac3-7f4980e4a2ea,arms.management,available,25.99,25.99,high,low,4,namesilo,,,20/09/2026 07:44
77ee38c5-d63c-47ae-9b4b-83ac4670fa2a,moonlit.management,available,14.99,33.99,high,low,7,name.com,,,25/08/2026 05:56
7c74fd1c-6de8-43af-a810-895e4c8f0f83,sphalerite.management,available,26.98,34.98,medium,low,10,namecheap,,,24/09/2026 05:44
5b9cd246-7487-4b1c-bdf1-0fd4155f4884,tenormin.management,available,26.98,34.98,medium,low,8,namecheap,,,20/09/2026 20:11
7bbccb75-0e25-4a6a-a681-50f607909ff3,spying.management,available,25.99,25.99,high,low,6,namesilo,,,29/09/2026 06:49
179203eb-a009-4f9b-a7d4-e2f54cb23180,disguise.management,available,25.99,25.99,high,low,8,namesilo,,,29/09/2026 06:07
4aac1f8c-3f96-489a-aced-6f383241a837,outback.management,available,25.99,25.99,high,low,7,namesilo,,,26/09/2026 03:21
08feb436-fa1f-4616-8f36-b97db4e97c51,ragee.management,available,25.99,25.99,medium,low,5,namesilo,,,17/09/2026 15:18
65d01303-8480-4a99-a392-21da31e47f20,peshawar.management,available,20.9,20.9,medium,low,8,spaceship,,,29/09/2026 19:57
d49cf744-e25f-489b-9a0e-94c7f69f82c3,samuels.management,available,25.99,25.99,medium,low,7,namesilo,,,29/09/2026 09:53
98cc2fa3-debf-4670-8210-94299b2be998,roses.management,available,26.98,34.98,high,low,5,namecheap,,,17/09/2026 21:17
a27ecece-513b-497e-8dc3-d07f82b4b822,arcadic.management,available,25.99,25.99,medium,low,7,namesilo,,,20/09/2026 01:36
94fcc5a2-a21e-4682-84c3-26add16e4135,paintable.management,available,25.99,25.99,medium,low,9,namesilo,,,04/09/2026 23:06
a7522a1b-cd12-49ac-8b47-4329fb0651f2,banquet.management,available,25.99,25.99,high,low,7,namesilo,,,22/09/2026 02:59
bf5792d4-516b-413d-a87e-c0709f25bf6d,grimly.management,available,25.99,25.99,medium,low,6,namesilo,,,14/09/2026 22:25
37a1fd96-967e-42bb-82fb-a9f6b4e57b3d,oncoming.management,available,25.99,25.99,high,low,8,namesilo,,,04/09/2026 14:27
63181490-bde4-48b4-9f3e-73e31bc706f3,canary.management,available,14.99,33.99,high,low,6,name.com,,,11/08/2026 16:10
f00decef-86d2-4818-a6ca-e48cba403698,differences.management,available,25.99,25.99,medium,low,11,namesilo,,,17/09/2026 14:00
b07b7745-427f-4a31-b69c-10ade7722582,enzymatic.management,available,14.99,33.99,medium,low,9,name.com,,,17/08/2026 10:08
4302e3a9-2675-44f2-ab9d-83b3fab9b095,cupcake.management,available,14.99,33.99,high,low,7,name.com,,,24/09/2026 20:16
0789ed06-b41c-40a5-87c2-4dee3b240484,torpedo.management,available,20.9,20.9,high,low,7,spaceship,,,28/09/2026 05:28
803571e5-ecd8-4945-8cd6-5d90943f6b33,dennis.management,available,25.99,25.99,high,low,6,namesilo,,,25/09/2026 13:58
bfcb272f-1e69-489e-941a-2dbde7431341,drives.management,available,25.99,25.99,medium,low,6,namesilo,,,25/09/2026 17:24
f5d3e32d-cd02-407b-aab2-853a96fe2f31,ashley.management,available,25.99,25.99,high,low,6,namesilo,,,25/09/2026 17:12
997d20ea-88f0-4e50-8095-bc154a0a6f30,winn.management,available,8.24,21.11,high,low,4,porkbun,,,29/09/2026 15:04
305be128-2f52-4b8b-aeb8-71c8ff1eb840,chamber.management,available,25.99,25.99,high,low,7,namesilo,,,22/09/2026 23:10
f9a21286-1787-42b7-9175-3405627103a6,roadside.management,available,8.24,21.62,high,low,8,dynadot,,,29/09/2026 13:53
67a6636b-31d5-470c-b533-496ac9efaf39,spousal.management,available,14.99,33.99,high,low,7,name.com,,,11/08/2026 03:56
b3ee9fea-3940-4dff-bb53-3d801b1666cd,sharpe.management,available,26.98,34.98,medium,low,6,namecheap,,,26/09/2026 03:16
65d3dcd7-1c9a-4adf-98f6-13157201f951,damp.management,available,14.99,33.99,medium,low,4,name.com,,,13/08/2026 16:39
9ad92e92-7da2-4259-a45f-371f6a23591b,garment.management,available,26.98,34.98,high,low,7,namecheap,,,19/09/2026 20:02
b24ef30f-108e-40c5-9ea6-8417111cbbe7,gaslit.management,available,25.99,25.99,medium,low,6,namesilo,,,17/09/2026 16:25
b0aa4b5b-6916-481e-8994-116f46394987,anticipation.management,available,26.98,34.98,high,low,12,namecheap,,,28/09/2026 22:53
39bdcc26-8808-47e6-899b-77c8cfa534c9,finn.management,available,20.9,20.9,high,low,4,spaceship,,,28/09/2026 05:42
69024d9f-8e28-4f77-8d7c-c0b3d26f57ad,vagus.management,available,25.99,25.99,medium,low,5,namesilo,,,08/09/2026 22:09
613eaf44-de2c-435e-9659-ee6c0b56c047,dictated.management,available,14.99,33.99,medium,low,8,name.com,,,14/08/2026 06:36
31e1bbd9-4fc2-4071-9534-4894c4333082,debut.management,available,26.98,34.98,high,low,5,namecheap,,,24/09/2026 21:09
481fadea-730b-4657-a9e1-533ef5f6bc1f,alibi.management,available,26.98,34.98,high,low,5,namecheap,,,18/09/2026 07:24
fd12f09d-f9bb-481c-b00f-5c293675c462,imposed.management,available,14.99,33.99,medium,low,7,name.com,,,21/08/2026 22:50
d3e788b8-faf9-4272-bf50-2d141f113377,sax.management,available,25.99,25.99,high,low,3,namesilo,,,17/09/2026 09:36
c710cb2e-a9f6-44e6-ac29-245a337255e1,unitary.management,available,25.99,25.99,high,low,7,namesilo,,,12/09/2026 13:58
7b9606da-ba69-4a17-a37c-b9f24c71df15,absorbance.management,available,26.98,34.98,high,low,10,namecheap,,,16/09/2026 18:11
df91240b-7765-4e0e-9ac0-ee5ee934f52b,erose.management,available,14.99,33.99,medium,low,5,name.com,,,17/08/2026 12:30
ff8ece08-fbc4-4c76-8e65-60f247c40dd9,laid.management,available,25.99,25.99,high,low,4,namesilo,,,25/09/2026 13:04
bd62f3d3-ec75-4661-813c-3d1fed72cd37,shocked.management,available,14.99,33.99,high,low,7,name.com,,,
5cbafe51-d9a8-49cf-9246-fedb965e3e43,cubitus.management,available,26.98,34.98,high,low,7,namecheap,,,20/09/2026 11:25
4e0cd0c8-70d9-48ae-a103-a272a8e6ac2b,winless.management,available,25.99,25.99,medium,low,7,namesilo,,,13/09/2026 12:35
7767b037-0045-447f-9b2f-32f1b2c202ab,danzig.management,available,20.9,20.9,medium,low,6,spaceship,,,28/09/2026 09:29
486f339b-ee9f-47b9-8eb0-5d81d84649e9,gruntle.management,available,14.99,33.99,medium,low,7,name.com,,,18/08/2026 22:14
e06b0499-d94b-49e8-9ff9-f7da45b6b1b0,institution.management,available,25.99,25.99,high,low,11,namesilo,,,27/09/2026 08:25
8406fe56-2601-4a97-b0af-6e6a8606582c,divorcing.management,available,25.99,25.99,low,low,9,namesilo,,,17/09/2026 22:37
2e98e2f7-f5f8-426c-9a83-0b3aac293ac7,gjo.management,available,26.98,34.98,medium,low,4,namecheap,,,17/09/2026 05:37
3360a576-2a82-45ce-9fa9-a753efa6e8a0,papal.management,available,14.99,33.99,high,low,5,name.com,,,06/08/2026 04:09
13829c20-7671-427a-98f3-da5af93b1b3d,bacchante.management,available,26.98,34.98,medium,low,9,namecheap,,,21/09/2026 13:59
350dc0a0-98bd-482d-8462-99fd48fb900a,straits.management,available,8.24,21.62,medium,low,7,dynadot,,,30/09/2026 02:57
cfbf36c4-0eaf-4bce-944f-4aae111e59fc,doorbell.management,available,25.99,25.99,medium,low,8,namesilo,,,29/09/2026 22:59
91e3f121-2e3f-4107-8af1-d29b6aef154a,laden.management,available,14.99,33.99,medium,low,5,name.com,,,22/08/2026 18:30
0a720246-52c4-4abf-a2ff-07dc6e27751f,arid.management,available,14.99,33.99,high,low,4,name.com,,,06/08/2026 18:58
cbd17465-dcd2-4a28-b6d2-7b158256ab52,filmy.management,available,14.99,33.99,high,low,5,name.com,,,12/08/2026 14:28
c0b3636b-9127-488d-b4e6-895d60b9d3df,disjoint.management,available,14.99,33.99,medium,low,8,name.com,,,14/08/2026 11:09
2ca46c50-3b80-49be-9534-4af0a7892842,twee.management,available,14.99,33.99,high,low,4,name.com,,,13/08/2026 15:49
b7d566d2-cbe4-4eca-987a-8b1d02e86e73,commonsense.management,available,14.99,,high,low,12,name.com,,,
88737b82-babd-4fc0-8c52-53ede4c7cbc6,poky.management,available,14.99,33.99,medium,low,4,name.com,,,14/08/2026 07:34
0c49fdeb-1753-4d73-b181-d0fed6705853,lucie.management,available,20.9,20.9,medium,low,5,spaceship,,,28/09/2026 21:31
cf698a24-e3ef-4cee-b03a-24de10157ecd,productivity.management,available,25.99,25.99,high,low,12,namesilo,,,29/09/2026 23:18
b74682e2-54cf-4352-b13f-dd6163dd748a,outlawed.management,available,14.99,33.99,medium,low,8,name.com,,,21/08/2026 19:52
3f3aeb4b-e089-4635-bbfe-e2849c4d57d2,examining.management,available,25.99,25.99,high,low,9,namesilo,,,29/09/2026 08:41
7a0789e5-4a4d-4972-9ee9-52586639ef50,fatal.management,available,26.98,34.98,high,low,5,namecheap,,,23/09/2026 12:24
8895c4a4-d1a7-459c-b8bc-ac15a482de2d,grumbling.management,available,14.99,33.99,medium,low,9,name.com,,,20/08/2026 20:33
be1ca48d-ae06-4712-9e4d-0dffc998238f,undeveloped.management,available,14.99,,medium,low,11,name.com,,,
0c9b0f6d-2af5-4107-b474-0caad011382d,disturb.management,available,14.99,,high,low,7,name.com,,,
37bf133d-50c7-4285-b352-d8f72d9ddca6,mornings.management,available,25.99,25.99,high,low,8,namesilo,,,20/09/2026 04:12
91e0bb67-11b5-4f20-aba0-c8715912d292,yawning.management,available,25.99,25.99,high,low,7,namesilo,,,13/09/2026 14:18
052f9f50-c3d7-46a0-adaa-f190353d6d9e,support.management,resell,,,high,medium,7,Dynadot Inc,20/08/2026 17:00,20/08/2027 17:00,26/09/2026 09:25
c127ac0c-793e-4af2-80ee-3c2e60c505b4,president.management,available,25.99,25.99,high,low,9,namesilo,,,29/09/2026 07:56
2bfd505b-7989-4c04-a068-2fd6809bdf2f,inclement.management,available,14.99,33.99,medium,low,9,name.com,,,22/08/2026 01:31
6b87d531-ea7e-4d4a-888a-297684cb8aff,berks.management,available,26.98,34.98,medium,low,5,namecheap,,,29/09/2026 15:22
4d09a908-6569-4dab-b0f7-8a807a3f7fa9,finical.management,available,14.99,33.99,medium,low,7,name.com,,,18/08/2026 04:56
4858f849-293d-4caf-9f23-86dbb382612c,unkeyed.management,available,14.99,33.99,low,low,7,name.com,,,07/08/2026 13:50
ec5f5985-9a6b-4cbf-865a-f51fed9108ba,ptsd.management,available,25.99,25.99,medium,low,4,namesilo,,,28/09/2026 10:45
fe364f9b-1fff-46b7-97d7-4422fd2cb979,worm.management,available,20.9,20.9,high,low,4,spaceship,,,29/09/2026 15:08
18345e4d-2a73-4ae1-a1db-7d529dc9ddc9,inflicted.management,available,20.9,20.9,medium,low,9,spaceship,,,30/09/2026 00:06
17d8ccd5-34d0-4708-8798-0c7969ea2e53,baboon.management,available,25.99,25.99,high,low,6,namesilo,,,21/09/2026 12:58
abc915d0-b594-44d8-b188-f489d54eeeef,ruptured.management,available,20.9,20.9,medium,low,8,spaceship,,,29/09/2026 16:06
cbccdfe7-689e-4521-bf48-c82754ed4963,zion.management,resell,,,high,low,4,,,,29/09/2026 19:24
59b240e7-c870-4a0f-8063-7a70209dd243,capri.management,available,25.99,25.99,high,low,5,namesilo,,,30/09/2026 00:57
090bea11-5eaa-4cf3-bffa-eb9cfc557112,backside.management,available,14.99,33.99,medium,low,8,name.com,,,09/08/2026 10:44
8f2551b0-71a7-483f-9c7b-8e920ae7f792,crossing.management,available,25.99,25.99,high,low,8,namesilo,,,27/09/2026 03:30
211b9a38-5a71-4a23-aff5-944db13c9a11,contain.management,available,26.98,34.98,high,low,7,namecheap,,,24/09/2026 20:22
ade6d7cc-6402-40c6-be98-2e4eda9ec527,density.management,available,25.99,25.99,high,low,7,namesilo,,,29/09/2026 11:57
8144d877-6446-4fb2-a548-644797a8db94,linear.management,available,14.99,33.99,high,low,6,name.com,,,
60bfa316-dc23-4422-b018-fc24f38c8122,lesion.management,available,25.99,25.99,high,low,6,namesilo,,,13/09/2026 13:28
8add61a9-a51e-4ebc-aa2a-52811bc933e8,oven.management,available,20.9,20.9,high,low,4,spaceship,,,28/09/2026 06:32
929c8aac-1c6b-49e4-8b49-c90d71f81f32,launched.management,available,25.99,25.99,high,low,8,namesilo,,,18/09/2026 13:03
94b1b8b5-25d3-4494-a103-93fef5b677cf,unjust.management,available,14.99,33.99,medium,low,6,name.com,,,22/08/2026 03:49
ce618c3d-e505-4234-b0aa-6aa9adbc9952,accusing.management,available,14.99,33.99,medium,low,8,name.com,,,
4306328a-99dd-4249-bcb4-398e1eab5ff8,banting.management,available,25.99,25.99,high,low,7,namesilo,,,22/09/2026 03:15
e3d98e1e-a8ef-4410-9d40-175f1fecec8b,alsatia.management,available,26.98,34.98,medium,low,7,namecheap,,,18/09/2026 14:16
3044c279-4088-4578-8c88-5e33407ecf09,thc.management,available,25.99,25.99,high,medium,3,namesilo,,,29/09/2026 08:13
80c26958-6839-4c34-bf55-89e469b03b0c,carleton.management,available,25.99,25.99,high,low,8,namesilo,,,25/09/2026 15:18
e7e5c1b0-6f1d-4d2d-853e-299cf4f36ff1,saying.management,available,25.99,25.99,high,low,6,namesilo,,,25/09/2026 09:03
650ccba5-63d9-4f48-87b4-e63b7fced54f,pastorale.management,available,25.99,25.99,medium,low,9,namesilo,,,08/09/2026 10:10
1194aaca-15c7-456b-8707-29d748f27b9e,swash.management,available,14.99,33.99,medium,low,5,name.com,,,11/08/2026 01:05
ba8f2ac2-4652-4042-ab37-4be1f578e004,embarrassing.management,available,25.99,25.99,high,low,12,namesilo,,,27/09/2026 06:37
566b9280-712f-4f56-ba70-b54b3a7da96a,stump.management,available,25.99,25.99,high,low,5,namesilo,,,18/09/2026 17:18
d7f595aa-afcf-4399-bcb7-5a8440083619,obtain.management,available,14.99,,high,low,6,name.com,,,
b923d9df-f1dc-4415-a720-30e14ed77133,unsuitable.management,available,14.99,33.99,medium,low,10,name.com,,,22/08/2026 00:19
7d42e6ca-d5bd-4ace-a6c6-2ab86f76aef7,burner.management,available,20.9,20.9,high,low,6,spaceship,,,29/09/2026 11:49
d79188e6-6292-495e-8df2-d1c31137d536,spectacular.management,available,25.99,25.99,high,low,11,namesilo,,,27/09/2026 17:02
a092e11f-57f7-45e1-bf73-81ac87fa49b6,monacan.management,available,14.99,33.99,medium,low,7,name.com,,,25/08/2026 04:01
dee5ff18-44f3-4f6c-afe7-4fe87b4fdc40,skills.management,resell,,,high,medium,6,"GoDaddy.com, LLC",19/03/2014 16:00,19/03/2027 16:00,26/09/2026 09:03
0a18fde5-3c57-48f1-aa39-0ef9a74f27d3,savior.management,available,25.99,25.99,high,low,6,namesilo,,,24/09/2026 14:49
099220e6-abdd-46d1-b3fe-13f4b0e0c557,annelid.management,available,14.99,33.99,medium,low,7,name.com,,,
1b0761fb-1223-4f46-a56c-ab43499e980d,clarifying.management,available,14.99,33.99,high,low,10,name.com,,,12/08/2026 09:37
91e87125-ef31-48f2-9e08-824827d5eceb,afflicted.management,available,14.99,33.99,high,low,9,name.com,,,
255fddec-07d3-4277-ac52-9f871e799312,plantar.management,available,26.98,34.98,medium,low,7,namecheap,,,08/09/2026 20:50
1d31de4c-d9d4-4c3f-830a-bf6dcbc96732,fissile.management,available,14.99,33.99,medium,low,7,name.com,,,18/08/2026 05:34
1194af66-6b6b-454c-a807-a80e8c051cd1,robustly.management,available,25.99,25.99,medium,low,8,namesilo,,,15/09/2026 23:57
176ac2c4-b769-4dfd-9a06-62b0679651e3,biggest.management,available,25.99,25.99,medium,low,7,namesilo,,,27/09/2026 02:42
f6c437b2-3124-4859-8f55-c1fb13b0734f,autodidact.management,available,26.98,34.98,high,low,10,namecheap,,,21/09/2026 06:15
825bebd0-bba4-4f04-a367-79eed492ef0d,graphical.management,available,14.99,33.99,high,low,9,name.com,,,20/08/2026 18:11
d15b7573-4014-4a1a-ba61-c9f952edac22,sebastian.management,available,25.99,25.99,high,low,9,namesilo,,,25/09/2026 15:12
c84025fa-12be-431c-88de-8e5f86b9cab3,rarified.management,available,14.99,33.99,medium,low,8,name.com,,,17/08/2026 15:46
9663da3a-8312-4d35-b2e4-f58e1d0f33c6,informer.management,available,25.99,25.99,high,low,8,namesilo,,,23/09/2026 11:26
f6cc8bc9-3f48-432d-a954-284f7a747f76,villa.management,resell,,,high,low,5,,,,29/09/2026 00:41
de043553-91ad-49b0-9e68-675a97c8b036,jonathan.management,available,25.99,25.99,high,low,8,namesilo,,,25/09/2026 08:03
a2f1befe-4716-4875-928c-6ce091a824d7,cimarron.management,available,25.99,25.99,high,low,8,namesilo,,,23/09/2026 15:12
434553cd-277e-46aa-9032-b4ee1e103683,federate.management,available,14.99,33.99,high,low,8,name.com,,,18/08/2026 00:36
5aef63b6-31d9-4905-b9ae-6ff0c2bdc5a7,backband.management,available,25.99,25.99,medium,low,8,namesilo,,,21/09/2026 14:57
fbce1579-b16b-420d-b7b1-7e13d4691556,manually.management,available,25.99,25.99,medium,low,8,namesilo,,,15/09/2026 13:27
a7a6aed7-8ed8-4d32-a8d7-7015b7d63350,crackpot.management,available,25.99,25.99,medium,low,8,namesilo,,,10/09/2026 00:10
674f53aa-7793-41ee-b5fa-90fa0656d2e1,ashy.management,available,14.99,33.99,high,low,4,name.com,,,07/08/2026 02:04
ac35108d-1c19-45ea-833c-3042b8b0b13e,formulated.management,available,14.99,33.99,high,low,10,name.com,,,18/08/2026 12:22
6bc3692f-80c8-49e9-9811-ea21d579c1f3,jumbo.management,available,14.99,33.99,high,low,5,name.com,,,16/08/2026 03:34
dc16f9be-c962-4e23-9b52-17b9dae6e678,rustproof.management,available,26.98,34.98,high,low,9,namecheap,,,09/09/2026 20:21
603b8f2b-1bbd-4b9f-ac14-f04b8a404a2e,disappearance.management,available,20.9,20.9,medium,low,13,spaceship,,,28/09/2026 04:24
60a5a2c6-5b5f-4e11-b54c-353d6cb77f7e,adrian.management,available,25.99,25.99,high,low,6,namesilo,,,17/09/2026 09:59
24f6ab81-4328-45d4-b8f7-4e599c40784d,beaver.management,available,25.99,25.99,high,low,6,namesilo,,,22/09/2026 22:29
866cd09d-a2c8-49d6-9265-f1decf8383b5,falter.management,available,14.99,33.99,high,low,6,name.com,,,17/08/2026 21:39
17b985ed-eae1-47d5-ae2e-3575111d538f,risky.management,available,14.99,33.99,medium,low,5,name.com,,,21/08/2026 01:43
755056d5-6319-44a5-8308-befadffcb380,kazakh.management,available,25.99,25.99,medium,low,6,namesilo,,,28/09/2026 14:39
e9441a72-3c3e-4280-8244-a9a9328284a8,shortages.management,available,25.99,25.99,medium,low,9,namesilo,,,21/09/2026 03:14
7d82464e-3b3e-4f61-973e-7b458e28a713,bandmaster.management,available,25.99,25.99,high,low,10,namesilo,,,22/09/2026 01:26
d504d868-babc-4de5-85f7-621c5a4b9429,dependence.management,available,25.99,25.99,medium,low,10,namesilo,,,17/09/2026 06:54
8df702cb-caa9-429e-aa0d-cbf3bf2c1aa8,planning.management,resell,,,high,low,8,"NameSilo, LLC",24/03/2020 18:32,24/03/2027 18:32,26/09/2026 08:11
947d7bd6-6801-4b67-87e5-49a77c4b3627,azonal.management,available,14.99,33.99,medium,low,6,name.com,,,08/08/2026 02:27
ac95a181-8471-4741-8f68-b600e4b96d03,constantine.management,available,25.99,25.99,high,low,11,namesilo,,,25/09/2026 14:18
5e9db189-ef5f-4293-8700-faf45af95585,malt.management,available,14.99,33.99,high,low,4,name.com,,,24/08/2026 14:13
f2958de4-e49c-4430-8182-057bf1480185,temples.management,available,20.9,20.9,medium,low,7,spaceship,,,29/09/2026 15:51
53032be6-2a2b-452d-a330-ad6ec4efd617,alabama.management,available,20.9,20.9,high,low,7,spaceship,,,28/09/2026 20:00
a9ad1276-d79e-4068-8b38-1cf385d86c02,claus.management,available,25.99,25.99,medium,low,5,namesilo,,,27/09/2026 02:28
73f3f852-d421-4406-af42-ad267b0daa65,lifts.management,available,25.99,25.99,medium,low,5,namesilo,,,29/09/2026 05:05
aaa988fa-d9e8-4b06-86c0-3f35e10856e1,tents.management,available,25.99,25.99,medium,low,5,namesilo,,,29/09/2026 16:28
d0860b32-2e61-477d-a9e3-45872d960769,brazos.management,available,20.9,20.9,medium,low,6,spaceship,,,29/09/2026 18:04
d8278f31-c485-4ae4-974a-e2829dc84db3,wingless.management,available,14.99,33.99,medium,low,8,name.com,,,13/09/2026 12:31
399d328a-a164-4d84-ab64-a0b4b6b8a7c4,shook.management,available,20.9,20.9,medium,low,5,spaceship,,,28/09/2026 20:26
244c5a80-eacd-4831-ab2c-c4f13472535c,uncommonly.management,available,25.99,25.99,medium,low,10,namesilo,,,16/09/2026 09:49
a5b7ae97-3f5c-4436-a98e-acde44cc1c98,biotite.management,available,26.98,34.98,high,low,7,namecheap,,,23/09/2026 19:13
30048a93-2cb7-4b18-935d-c2d7ff45cb99,barrymore.management,available,25.99,25.99,high,low,9,namesilo,,,22/09/2026 08:52
27f8bf3b-9ea4-4ddf-878c-119ca853efab,godlike.management,available,14.99,33.99,high,low,7,name.com,,,20/08/2026 16:06
7ded4fce-ad11-4670-a204-2a8e3c141041,alcott.management,available,14.99,33.99,high,low,6,name.com,,,18/09/2026 04:10
a3aba628-8a50-470d-9269-d7201b3f7d96,venomed.management,available,25.99,25.99,medium,low,7,namesilo,,,13/09/2026 02:06
d66c6572-708d-44d2-be45-627dbe3ca0de,owlish.management,available,25.99,25.99,medium,low,6,namesilo,,,04/09/2026 22:14
d75679ef-5149-49c9-84af-ae4d3cbb518c,slowed.management,available,25.99,25.99,medium,low,6,namesilo,,,20/09/2026 15:42
b7236054-ea77-4bb8-a970-e1d1e0f46fd7,plutonian.management,available,14.99,33.99,medium,low,9,name.com,,,20/08/2026 21:34
3075b930-bcc0-4fbb-8f53-98d4100600eb,drama.management,available,25.99,25.99,high,low,5,namesilo,,,24/09/2026 23:50
844ed8d3-2191-4977-a46b-dd5891f01afe,blackseed.management,available,26.98,34.98,medium,low,9,namecheap,,,24/09/2026 03:00
f75f6dd4-b3fa-4101-a1ce-87e92c59cb1e,unordered.management,available,25.99,25.99,medium,low,9,namesilo,,,12/09/2026 16:18
0b99ce94-75dd-4df5-a92a-b1078c5eb4bc,anthill.management,available,25.99,25.99,high,low,7,namesilo,,,19/09/2026 13:26
35ed8ff8-9aba-49e7-b29d-2b899cd94ea9,cedric.management,available,25.99,25.99,medium,low,6,namesilo,,,29/09/2026 11:42
abfb7fde-ebd7-4798-bbe9-6c8488f48302,heterosexual.management,available,8.24,21.62,high,low,12,dynadot,,,29/09/2026 08:29
4869d5cb-7b17-476a-b3de-68457ad96bb5,goonie.management,available,25.99,25.99,medium,low,6,namesilo,,,23/09/2026 23:45
ca995eb4-5f7b-4c05-9551-fdb1797bb5e4,else.management,available,14.99,,high,low,4,name.com,,,
73e3114c-ad8a-4bf5-9067-9e08db5afb8f,poisonous.management,available,25.99,25.99,medium,low,9,namesilo,,,08/09/2026 22:40
a26d4f3a-58b7-4365-8b42-85904866fba6,fungible.management,available,14.99,33.99,medium,low,8,name.com,,,18/08/2026 18:32
1dd35bf0-bfca-482d-9761-f09925b901c5,heliacal.management,available,14.99,33.99,medium,low,8,name.com,,,21/08/2026 06:23
d97a5bff-ab90-448a-a304-276e40d2da5e,aerodrome.management,available,25.99,25.99,high,low,9,namesilo,,,17/09/2026 12:58
1c55c2a3-70c1-4c13-b159-8dbe4be34977,kimberly.management,available,20.9,20.9,medium,low,8,spaceship,,,28/09/2026 08:56
7b12c727-9981-4b66-a194-e4d43ba8555f,offenders.management,available,20.9,20.9,low,low,9,spaceship,,,29/09/2026 05:55
13a488a2-80f9-4fc9-b616-4820ec4e7da3,critics.management,available,20.2,20.2,low,low,7,cloudflare,,,28/09/2026 18:02
57ba840a-6ad6-4a06-bfda-ab11ffae8607,deary.management,available,14.99,33.99,high,low,5,name.com,,,13/08/2026 18:21
b3cc05a0-efd0-4483-8a45-3d25a2227537,amanda.management,available,25.99,25.99,high,low,6,namesilo,,,25/09/2026 13:54
37d01040-f422-4d1e-9698-7ab3201c5571,martial.management,available,14.99,33.99,high,low,7,name.com,,,24/08/2026 16:36
d29e4251-e290-4df7-981a-1d8c8e8694c6,apologize.management,available,14.99,,high,low,9,name.com,,,
45fb3ce4-0de9-42a0-9e63-9541b100a2ed,phobic.management,available,26.98,34.98,medium,low,6,namecheap,,,08/09/2026 18:56
b4f6a726-71c6-49ba-beff-32a8a6bf6151,clarinet.management,available,25.99,25.99,high,low,8,namesilo,,,29/09/2026 11:55
4a36eff5-82d4-4fe4-b4a4-5caa975ba75a,amuck.management,available,14.99,33.99,medium,low,5,name.com,,,
dcedf797-c326-4acf-a1d9-f513b7251568,glare.management,available,25.99,25.99,high,low,5,namesilo,,,24/09/2026 10:22
7b92d63a-c923-4546-ad3a-6e03145a80ef,suborbital.management,available,25.99,25.99,medium,low,10,namesilo,,,11/09/2026 00:34
9f9810db-0b33-47b5-8f51-74f67f592dbe,beaches.management,available,25.99,25.99,high,low,7,namesilo,,,20/09/2026 07:25
a689b7b2-d4b0-4914-965a-df4d8b451dfd,reindeer.management,available,25.99,25.99,high,low,8,namesilo,,,29/09/2026 06:16
4f36472a-7e20-4794-969e-04912ed81626,ashe.management,available,25.99,25.99,high,low,4,namesilo,,,20/09/2026 10:46
1c8981ae-f6b2-4dbc-9704-b56dc2c9f46e,barbu.management,available,25.99,25.99,medium,low,5,namesilo,,,22/09/2026 05:04
ca2b2472-ba8c-4594-88df-4db329b0844c,zane.management,available,26.98,34.98,high,low,4,namecheap,,,29/09/2026 04:01
8a824fdc-997b-4904-bfba-5140f8e30ee1,meek.management,available,14.99,33.99,high,low,4,name.com,,,24/08/2026 19:16
1464c189-dcf3-4624-b48e-05dda4874e25,cellphone.management,available,25.99,25.99,high,low,9,namesilo,,,24/09/2026 13:27
3466d4f6-e532-420e-93ff-88f09112c223,bustling.management,available,14.99,33.99,high,low,8,name.com,,,11/08/2026 11:21
86b81ab5-812d-4980-adc3-d5cb97d5c287,bottle.management,available,25.99,25.99,high,low,6,namesilo,,,24/09/2026 07:30
04a990c1-87b2-47af-8a37-a25e5206ec42,minutely.management,available,25.99,25.99,medium,low,8,namesilo,,,15/09/2026 15:04
3f88fdbf-5284-4192-a4bd-aafd6cdf95cf,noon.management,available,20.9,20.9,high,low,4,spaceship,,,29/09/2026 22:44
16d75feb-8e18-4e49-802d-841e08969dc7,fused.management,available,25.99,25.99,high,low,5,namesilo,,,22/09/2026 03:03
62eb3243-b194-48c2-89e0-47246462fb85,affirmed.management,available,14.99,33.99,high,low,8,name.com,,,17/09/2026 14:27
ff222d2b-3bac-4109-b4a8-e7790539428b,prolife.management,available,25.99,25.99,high,low,8,namesilo,,,27/09/2026 06:51
bb617890-fc1d-4996-a81e-c442ed7be5f0,cerebral.management,available,14.99,33.99,high,low,8,name.com,,,12/08/2026 00:30
75b9e5e7-7e4c-449f-9ff9-8eab05efeac1,trolling.management,available,14.99,,medium,low,8,name.com,,,
d7fd961a-5ddb-4b21-aaae-2a8afcc6a71f,intersection.management,available,14.99,,high,low,12,name.com,,,
8dd33b64-f35d-41a0-8098-1539ed9415c0,derivable.management,available,14.99,33.99,medium,low,9,name.com,,,14/08/2026 03:00
80568df5-bc1d-45b0-9e4d-46abb1688937,plantal.management,available,26.98,34.98,medium,low,7,namecheap,,,08/09/2026 20:48
fc22aa14-bfe4-4644-9811-2635476a1e2f,sycamore.management,available,26.98,34.98,high,low,8,namecheap,,,16/09/2026 23:36
cecd6769-89d7-449c-aa11-63ad996e7996,fumed.management,available,14.99,33.99,medium,low,5,name.com,,,18/08/2026 18:20
ee06a4d1-c6f1-4895-9b46-4bb6755707ba,ligands.management,available,26.98,34.98,medium,low,7,namecheap,,,28/09/2026 00:44
dda5e94c-e53c-43d4-af84-9976b3f59b4d,pacemaker.management,available,25.99,25.99,high,low,9,namesilo,,,20/09/2026 11:42
94505326-1a79-4c88-9f44-bf655a96a89f,weeping.management,available,14.99,33.99,high,low,7,name.com,,,12/08/2026 00:52
c87ba44e-7929-436e-b194-7402ce63a37f,cdu.management,available,20.9,20.9,high,low,3,spaceship,,,29/09/2026 03:11
517c42ea-e7fd-40ce-a868-e6290aa014ea,inhale.management,available,14.99,,high,low,6,name.com,,,
37da50ed-bd09-443b-866e-65d29efba858,verbally.management,available,25.99,25.99,medium,low,8,namesilo,,,16/09/2026 10:50
061e7e11-39cb-47c5-bb78-5158040f9d12,tongues.management,available,25.99,25.99,medium,low,7,namesilo,,,18/09/2026 07:52
421341b6-badf-4963-9af8-28c1bd05906e,hallelujah.management,available,20.2,20.2,high,low,10,cloudflare,,,29/09/2026 19:07
0697e57c-81a8-48d6-b69d-9bf7720baa20,prospering.management,available,14.99,33.99,medium,low,10,name.com,,,10/08/2026 19:17
9f03e185-c74a-4650-9a0a-35b189ee3cd0,vedic.management,available,25.99,25.99,medium,low,5,namesilo,,,13/09/2026 01:37
82347629-3106-4454-bc9d-079582a9ca4d,attacker.management,available,25.99,25.99,high,low,8,namesilo,,,17/09/2026 17:41
d3dcdd80-9b2c-4066-b115-f3044cefe70d,tires.management,available,25.99,25.99,medium,low,5,namesilo,,,27/09/2026 10:07
f207d2c5-d264-48d3-80b6-d34cc78c8069,airedale.management,available,25.99,25.99,high,low,8,namesilo,,,17/09/2026 23:08
760a65f9-dd56-4c61-9997-48a91b3306f5,implant.management,available,25.99,25.99,high,low,7,namesilo,,,29/09/2026 13:06
130a30c8-0204-42f0-89f3-7eeb424ac071,contiguity.management,available,26.98,34.98,medium,low,10,namecheap,,,17/09/2026 08:24
d6ea55b5-0fae-4050-b1f4-a8123edde7d9,motherlike.management,available,14.99,33.99,medium,low,10,name.com,,,25/08/2026 07:04
e5ea1bd8-038f-48ee-87c5-45785f6752f5,mainland.management,available,20.9,20.9,medium,low,8,spaceship,,,28/09/2026 14:49
03fd5e9e-3830-47b9-b31c-59eaf6f0734c,commentator.management,available,20.2,20.2,high,low,11,cloudflare,,,29/09/2026 08:48
5c6ecc3f-4ec6-45d3-ab69-a0ac5e723b39,thoroughly.management,available,25.99,25.99,high,low,10,namesilo,,,14/09/2026 17:01
ba605237-a5dc-4f33-b6d2-c22eb9d74e5c,robeson.management,available,25.99,25.99,medium,low,7,namesilo,,,29/09/2026 13:40
f4c167b8-d4d3-4d39-a1aa-74fa1ec0bcfe,fucksome.management,available,14.99,,low,low,8,name.com,,,
4789d42c-1d07-4ff9-906a-7683c1d430d2,puerile.management,available,25.99,25.99,medium,low,7,namesilo,,,09/09/2026 05:30
1eb2862b-c74a-4282-8392-2de4447cb621,synoptic.management,available,14.99,33.99,high,low,8,name.com,,,11/09/2026 06:33
243f17c6-ae1a-47b1-84b8-dd2c5d1e009d,bladed.management,available,14.99,33.99,medium,low,6,name.com,,,10/08/2026 12:14
27529271-65bc-4c76-9442-79075be3efc8,inscribe.management,available,26.98,34.98,high,low,8,namecheap,,,21/09/2026 06:39
17efe785-9b7c-4ae3-92c4-8c44e3eaf972,wedded.management,available,25.99,25.99,high,low,6,namesilo,,,13/09/2026 09:30
ed3d5929-6b35-4197-bcb9-b17322fedf70,arsenal.management,available,25.99,25.99,high,low,7,namesilo,,,20/09/2026 09:36
61e0e648-a28e-4745-be59-4e8c95b9b328,ferries.management,available,26.98,34.98,medium,low,7,namecheap,,,20/09/2026 07:40
549a4d59-d202-461d-918a-d4e13e9669a8,segregation.management,available,25.99,25.99,medium,low,11,namesilo,,,16/09/2026 23:21
1a4388d9-1319-40f2-9cdd-c2b17cbf8dbd,refundable.management,available,14.99,,high,low,10,name.com,,,
34c1bc39-697d-416d-a32e-b91b0c418bbc,handicap.management,available,25.99,25.99,high,low,8,namesilo,,,24/09/2026 07:39
c7d00503-721a-460a-bb2a-364a8f5da598,easterly.management,available,14.99,33.99,medium,low,8,name.com,,,14/08/2026 22:51
22d01d55-0f02-4a2b-adce-f87698718b5b,foucault.management,available,20.9,20.9,medium,low,8,spaceship,,,28/09/2026 19:15
89831bc1-bddb-4cfd-8ad4-2e17e1ec6ba9,aden.management,available,25.99,25.99,medium,low,4,namesilo,,,17/09/2026 07:22
39825d5b-f306-4b17-b756-b3b90a683fd4,beard.management,available,26.98,34.98,high,low,5,namecheap,,,22/09/2026 21:01
5f08c3fe-61fa-45f0-ba51-beda183ac821,mainstream.management,available,20.9,20.9,high,low,10,spaceship,,,29/09/2026 01:38
d9b45370-a02e-45fc-83ba-103879db0f4a,flowerbed.management,available,25.99,25.99,high,low,9,namesilo,,,22/09/2026 22:58
7229b32f-82a3-4f13-8c77-a7ce91c08265,senator.management,available,26.98,34.98,high,low,7,namecheap,,,26/09/2026 00:17
2a02ab08-120b-4992-8809-9410138cd01d,colloquial.management,available,14.99,33.99,medium,low,10,name.com,,,12/08/2026 17:14
f344531e-ea26-4168-9338-f3d49850c778,bifocal.management,available,14.99,33.99,medium,low,7,name.com,,,09/08/2026 20:03
03cfad26-5081-41f7-8b81-a35228a2c395,onstage.management,available,26.98,34.98,high,low,8,namecheap,,,16/09/2026 19:36
f38b542e-af4d-46ce-92d1-21ec1f509097,lisboa.management,available,8.24,21.62,high,low,6,dynadot,,,29/09/2026 06:47
6ddc1aad-2f2d-453b-b412-6dfcd2380562,saws.management,available,25.99,25.99,medium,low,4,namesilo,,,20/09/2026 09:02
7b28bbd5-9878-4422-8554-a6f2e9de7d6a,anapurna.management,available,25.99,25.99,medium,low,8,namesilo,,,19/09/2026 02:22
8c0952e6-b664-47a9-98bd-5c38da78f7a8,albumen.management,available,25.99,25.99,high,low,7,namesilo,,,18/09/2026 03:31
bff51438-6474-4b3e-aa75-6bc791b3ee21,nina.management,available,25.99,25.99,high,low,4,namesilo,,,25/09/2026 09:36
f22785a3-0570-41f3-ab45-aa9c1d2bb91e,secluded.management,available,25.99,25.99,high,low,8,namesilo,,,27/09/2026 06:24
3b09036e-f572-44e3-9ca9-8fc45dad4ae1,aquarius.management,available,25.99,25.99,high,low,8,namesilo,,,19/09/2026 23:03
9551ee48-acd8-4857-ad31-e5de3db6de64,handles.management,available,25.99,25.99,high,low,7,namesilo,,,28/09/2026 13:13
c1cfefa3-6d1b-4aea-b02f-04eba53d66f1,interwoven.management,available,14.99,33.99,high,low,10,name.com,,,22/08/2026 08:08
796112ef-99d1-4659-bc3e-f9a0a45e2856,illusions.management,available,26.98,34.98,medium,low,9,namecheap,,,29/09/2026 23:03
6f12e009-b09e-4347-850a-da24c7a34d34,abelia.management,available,25.99,25.99,medium,low,6,namesilo,,,16/09/2026 15:02
13ca9bde-42f6-49ef-afb7-103ccc2fcdd4,groggy.management,available,14.99,33.99,medium,low,6,name.com,,,18/08/2026 09:53
afe664e1-1e16-4f0a-ae37-f316c4d219e9,biologic.management,available,14.99,33.99,high,low,8,name.com,,,10/08/2026 02:14
b7fbea47-4cc8-46e2-88d8-4dacfa8d0215,pronghorn.management,available,14.99,33.99,medium,low,9,name.com,,,18/09/2026 19:07
ed6b7018-0bdd-428d-ab38-4ede42e2e852,bloodstream.management,available,14.99,,high,low,11,name.com,,,
7db0c8e4-e813-4e4b-8b15-e9f278f3a77a,abnaki.management,available,14.99,33.99,medium,low,6,name.com,,,
5e63d90e-9135-4be9-b9d1-b2cbf474fdf2,deere.management,available,25.99,25.99,high,low,5,namesilo,,,30/09/2026 01:17
10662d0f-b0ed-468f-9f75-64b1aed57adc,demise.management,available,14.99,33.99,high,low,6,name.com,,,14/08/2026 21:56
8cd0241c-6443-4fc6-8b1f-8ec24ad67c4d,inwardly.management,available,25.99,25.99,medium,low,8,namesilo,,,15/09/2026 09:18
470c2981-edc1-43aa-af5c-e2373644abc2,bette.management,available,20.9,20.9,medium,low,5,spaceship,,,29/09/2026 15:28
eaf437ff-bbea-49ea-bf9e-711b58b09942,illume.management,available,14.99,33.99,high,low,6,name.com,,,23/08/2026 02:41
717b9102-157b-409a-8d36-4e9e3df8f330,sperry.management,available,20.9,20.9,medium,low,6,spaceship,,,29/09/2026 00:47
59d607cc-a498-4cd7-b568-1be6bed00c9b,efficiency.management,resell,,,high,low,10,IONOS SE,20/01/2025 09:01,20/01/2027 09:01,28/09/2026 03:34
2f8c4a69-a0fc-4e68-b257-ee7b443c6ce6,jussieu.management,available,25.99,25.99,medium,low,7,namesilo,,,19/09/2026 15:24
dfd061ee-5b66-4b0b-abe4-a95b4d675b39,awning.management,available,25.99,25.99,high,low,6,namesilo,,,21/09/2026 10:12
cf65a047-65a9-4239-be17-cf48cfc2734f,angelology.management,available,25.99,25.99,medium,low,10,namesilo,,,19/09/2026 06:02
ab2609a1-7f15-4413-b49c-525b42c6fc08,arrives.management,available,25.99,25.99,medium,low,7,namesilo,,,20/09/2026 01:05
b3d672c3-af2d-436e-83eb-c00b7e87bd3e,staff.management,available,26.98,34.98,high,low,5,namecheap,,,28/09/2026 10:20
3ad2f52e-45c8-462b-92a2-f7f510ebb5c0,tally.management,available,26.98,34.98,high,medium,5,namecheap,,,28/09/2026 18:48
d7f0a6bb-d2bb-41d2-861c-5b50d024377d,tomboy.management,available,14.99,,high,low,7,name.com,,,
a9fc61fb-609d-4700-a234-4d4f78d445ef,server.management,resell,,,high,medium,6,Dynadot Inc,22/09/2026 17:01,22/09/2027 17:01,28/09/2026 07:18
2d3e2f3a-39ae-4e16-af86-a0e744252e0b,immodest.management,available,14.99,33.99,medium,low,8,name.com,,,21/08/2026 21:09
72370ff7-00a7-4073-af5a-1239540a8d22,unreported.management,available,26.98,34.98,medium,low,10,namecheap,,,12/09/2026 18:19
bde1332c-c388-4625-aa60-bd5ef4be4714,cautionary.management,available,14.99,33.99,high,low,10,name.com,,,
9f24f590-a235-4281-a549-7a99c7ea1e42,advertise.management,available,20.9,20.9,high,low,9,spaceship,,,29/09/2026 20:39
96c8d49a-bc39-4847-90d1-b1f403e445d6,abator.management,available,25.99,25.99,medium,low,6,namesilo,,,16/09/2026 14:13
ddb831f6-aabc-4773-ab8b-3ff207e8863d,use.management,available,20.9,20.9,high,low,3,spaceship,,,29/09/2026 17:38
9d5a70eb-502b-4c0d-a0a2-0f75037da235,faceted.management,available,14.99,33.99,high,low,7,name.com,,,17/08/2026 20:24
3035b78d-7e69-45ef-bbc8-6b547f9857bf,rhenish.management,available,25.99,25.99,medium,low,7,namesilo,,,09/09/2026 16:29
61be9162-c44f-454a-9168-4fe1309d9900,dashingly.management,available,25.99,25.99,medium,low,9,namesilo,,,14/09/2026 10:41
4e7385ac-e5fb-49dd-9b15-8642790f046f,resounding.management,available,25.99,25.99,high,low,10,namesilo,,,27/09/2026 12:35
d99a5a22-8a8b-40c7-abbc-5f3f96eb2e3e,azygos.management,available,14.99,33.99,medium,low,6,name.com,,,08/08/2026 03:32
233d89bd-7ed7-4290-8f69-7e92f744b0a8,marriages.management,available,20.2,20.2,medium,low,9,cloudflare,,,28/09/2026 18:09
f3075173-153c-467f-8f2a-120878959d29,maternity.management,available,8.24,21.11,high,low,9,porkbun,,,28/09/2026 19:52
684ef4be-a105-414a-9497-fca0c2d15da6,slapdash.management,available,25.99,25.99,medium,low,8,namesilo,,,10/09/2026 09:57
c54652eb-e7e8-45ab-8c05-6e4d02dd6d12,dion.management,available,20.9,20.9,medium,low,4,spaceship,,,28/09/2026 09:08
04225697-4a79-4f8f-9842-4acec01fa58a,introduction.management,available,14.99,,high,low,12,name.com,,,
79a4668b-2265-44f3-9a28-b8e4f2df2813,strabo.management,available,25.99,25.99,medium,low,6,namesilo,,,29/09/2026 15:36
1b8e66a8-7234-4975-aff7-fdb9b4c17d46,relieved.management,available,14.99,33.99,high,low,8,name.com,,,
144812d6-e47d-4a0a-bc70-3feaa2c9d0c2,insults.management,available,20.9,20.9,low,low,7,spaceship,,,29/09/2026 11:09
b980ba13-ea83-4931-a3e4-c8f30a2fe2cd,mime.management,available,14.99,33.99,high,low,4,name.com,,,24/08/2026 23:33
87ce4b4b-627e-4a33-acca-24c5be9fa740,indian.management,available,25.99,25.99,high,low,6,namesilo,,,22/09/2026 04:13
fa5eca84-8da3-45f2-be0f-7ad3debb6383,asio.management,available,25.99,25.99,medium,low,4,namesilo,,,20/09/2026 14:18
47905a4a-dd3a-419a-a203-03f7a0d0b240,betise.management,available,25.99,25.99,medium,low,6,namesilo,,,23/09/2026 11:18
a67c0824-c524-4aa6-9b11-a559af5dfc3d,sunhat.management,available,14.99,,high,low,6,name.com,,,
ec962a58-06e1-4684-a2a7-3ef844f2450a,inshore.management,available,14.99,33.99,high,low,7,name.com,,,22/08/2026 06:53
d6dba3e3-08e3-411a-a0ec-53255837c9e9,pacify.management,available,14.99,33.99,high,low,6,name.com,,,18/08/2026 22:00
5751a19d-8efb-4ad2-a15a-81c16e0b3624,champions.management,available,26.98,34.98,high,low,9,namecheap,,,28/09/2026 13:32
7e546416-6ed3-4898-8d92-a266f89cb9c3,disclosure.management,available,25.99,25.99,high,low,10,namesilo,,,27/09/2026 13:47
b9ce3a0d-c7f5-4584-a0f6-b681ef9661f9,seminal.management,available,14.99,33.99,high,low,7,name.com,,,18/08/2026 22:51
dd3e44fe-acf4-48b7-a79e-60524d0291d7,rick.management,available,25.99,25.99,high,low,4,namesilo,,,30/09/2026 01:11
e6fcccf8-9fee-45b6-9051-caaca48b9e77,terrence.management,available,26.98,34.98,medium,low,8,namecheap,,,29/09/2026 21:50
cc2501da-129e-435b-a0b9-ea932e82c88c,teenaged.management,available,25.99,25.99,medium,low,8,namesilo,,,19/09/2026 04:34
fbcd8600-be85-4ccb-81de-9e560f5fbe66,dinners.management,available,25.99,25.99,medium,low,7,namesilo,,,29/09/2026 05:41
d87c7687-a41a-4843-8de6-dec9e60b213d,procedural.management,available,25.99,25.99,high,low,10,namesilo,,,09/09/2026 02:31
25f19f4c-9713-47e8-a258-713e69c4f62d,applicator.management,available,26.98,34.98,medium,low,10,namecheap,,,19/09/2026 21:55
f693ce46-8414-4091-b1b9-6af2c2dba66f,wiring.management,available,14.99,,high,low,6,name.com,,,
01f16160-2aca-4461-a5ff-153aae7d8319,etch.management,available,14.99,,high,low,4,name.com,,,
f15f9c3b-7eb3-465f-9d6a-8a8ed1bc051e,earl.management,available,20.9,20.9,high,low,4,spaceship,,,28/09/2026 05:33
b342ccfa-acd9-43fc-ab76-c37c9934ce70,resilient.management,available,14.99,33.99,high,low,9,name.com,,,10/08/2026 21:47
91d10feb-2af4-4e80-bb27-8332e303e1c9,bronson.management,available,25.99,25.99,medium,low,7,namesilo,,,28/09/2026 16:48
20205447-53b7-489b-ae91-318ba414c966,spangly.management,available,14.99,33.99,medium,low,7,name.com,,,18/08/2026 21:20
19bd4622-5927-4adb-a12d-8462da29c34e,evasion.management,available,20.9,20.9,high,low,7,spaceship,,,29/09/2026 18:40
ed9b9bda-87bd-48a9-86b4-c4cd58269bb4,siblings.management,available,25.99,25.99,medium,low,8,namesilo,,,29/09/2026 10:27
30b019ee-b5f4-439e-a7bd-1dbd455dcb94,universally.management,available,14.99,,high,low,11,name.com,,,
959932d6-49f9-44d2-b141-b7b99ed97ce6,molal.management,available,14.99,33.99,medium,low,5,name.com,,,25/08/2026 03:31
8f89b4cc-c573-4d13-b248-1ab12c0c485f,alger.management,available,26.98,34.98,high,low,5,namecheap,,,18/09/2026 06:56
bf4f86de-8ba4-476d-9295-34ab9e258574,bertolucci.management,available,25.99,25.99,medium,low,10,namesilo,,,23/09/2026 09:50
ffe7497c-ef22-4b9a-8d74-093f867418bd,tess.management,available,26.98,34.98,medium,low,4,namecheap,,,28/09/2026 21:56
4dbc1e48-2ad4-4e7b-9187-96a205779457,localised.management,available,14.99,33.99,high,low,9,name.com,,,24/08/2026 08:47
18af8bb9-e1c8-4173-93c2-289597abe838,blabby.management,available,14.99,33.99,low,low,6,name.com,,,09/08/2026 21:03
2f9b61d5-4810-486a-a6b7-063531ad488c,transporting.management,available,25.99,25.99,high,low,12,namesilo,,,29/09/2026 14:43
e498d0dd-22de-46cb-a7bf-fecf21710ce7,conformist.management,available,14.99,33.99,medium,low,10,name.com,,,12/08/2026 21:13
014515a2-9c1d-473d-a7f9-a81e3db19a75,orphan.management,available,14.99,,high,low,6,name.com,,,
17d55848-58f5-4983-94d9-970f99300e2a,memorise.management,available,14.99,,high,low,8,name.com,,,
85bce502-5534-4bf4-a134-37fca4805502,achieved.management,available,20.2,20.2,high,low,8,cloudflare,,,28/09/2026 12:45
319255af-9e12-4e0f-b29c-dd314fae66d8,pretext.management,available,43.99,43.99,high,low,7,godaddy,,,30/09/2026 01:48
0d7f9831-a8af-467b-aa0f-f74352a5fd36,sinclair.management,available,14.99,33.99,high,low,8,name.com,,,25/09/2026 04:16
17871d73-cfac-4219-9d6a-1b1e98c8bbd8,fda.management,available,25.99,25.99,high,low,3,namesilo,,,25/09/2026 05:55
224458a1-755f-4f1f-952d-5c351c4447d9,unstable.management,available,14.99,33.99,high,low,8,name.com,,,18/08/2026 09:17
7c88e62d-0dca-4d13-8c54-49355ab4e766,befitting.management,available,14.99,33.99,medium,low,9,name.com,,,09/08/2026 08:38
cbbd2c6c-52e2-496d-928f-73efff0460c6,parliamentary.management,available,14.99,,medium,low,13,name.com,,,
bc554066-1ed7-49dc-86e4-c64394ae0db3,mushy.management,available,14.99,33.99,medium,low,5,name.com,,,09/08/2026 00:58
5ed705df-dbfa-4edf-84da-7a23e8d1ac6c,favors.management,available,25.99,25.99,high,low,6,namesilo,,,18/09/2026 09:42
948ac446-aa98-462c-be64-11a6aa6d8e26,claremont.management,available,26.98,34.98,high,low,9,namecheap,,,27/09/2026 08:22
c57b1bcc-b0c9-45a7-980a-d9e60ad62b59,securely.management,available,25.99,25.99,high,low,8,namesilo,,,16/09/2026 00:50
63956d44-5c48-480b-96b2-948f2ff5fd9d,mat.management,available,14.99,33.99,high,low,3,name.com,,,08/09/2026 07:48
9ebdfe4b-7c56-4c0d-8810-6cf93d575da3,friendless.management,available,14.99,33.99,medium,low,10,name.com,,,18/08/2026 15:33
b58fd78f-8577-4328-afb6-e72026366bed,abkhaz.management,available,14.99,33.99,high,low,6,name.com,,,
c0e318cc-0266-4425-beed-c92f06f24879,grin.management,available,25.99,25.99,high,low,4,namesilo,,,27/09/2026 23:08
f1e898cd-d759-4cc1-9a4c-f43ea32cd338,phoenix.management,resell,,,high,medium,7,"Sav.com, LLC - 20",30/04/2026 15:15,30/04/2027 15:15,26/09/2026 08:08
4d1e7d07-b72a-43bd-9823-ad3328e3856a,footle.management,available,25.99,25.99,medium,low,6,namesilo,,,11/09/2026 08:27
fa6d2f8d-1bcb-4e08-b6c2-d63b94f93479,oss.management,available,8.24,21.62,high,low,3,dynadot,,,28/09/2026 21:16
e7eca211-7d46-4f47-a029-92a7e4615e58,soph.management,available,25.99,25.99,medium,low,4,namesilo,,,10/09/2026 14:20
57b7eb3b-e610-48db-8fd3-d6e23ca7075b,unlit.management,available,25.99,25.99,medium,low,5,namesilo,,,12/09/2026 13:03
a4be267d-baef-4a5b-9b12-8f4826dcb640,methods.management,resell,,,medium,low,7,,,,28/09/2026 04:33
e270187d-5a12-4ce4-92ab-361462c08bff,mandela.management,available,20.9,20.9,high,low,7,spaceship,,,28/09/2026 14:49
fe90f4d2-cdd9-4837-9618-976bcb245d58,peirce.management,available,25.99,25.99,high,low,6,namesilo,,,23/09/2026 08:23
fe794428-b6d2-418a-8ba2-57317852c2ee,weightless.management,available,25.99,25.99,high,low,10,namesilo,,,13/09/2026 10:09
7c9188a2-97b7-4bdc-8388-4e6cabc5fa91,adolphe.management,available,26.98,34.98,medium,low,7,namecheap,,,30/09/2026 00:25
80515394-3924-48b1-a200-c61f0969dbf0,screecher.management,available,26.98,34.98,medium,low,9,namecheap,,,22/09/2026 17:04
04eedcdd-7042-4fb2-8805-e608e6a08841,nowise.management,available,25.99,25.99,low,low,6,namesilo,,,15/09/2026 17:05
1aa35372-c1b4-4fe9-b649-19518c9d5a89,potential.management,available,26.98,34.98,high,low,9,namecheap,,,27/09/2026 04:46
9ac81b2b-001d-441e-a995-e70e80f49c55,absolutely.management,available,20.9,20.9,high,low,10,spaceship,,,28/09/2026 11:36
a6c26ece-6cb8-4163-be54-4e23b31c5b44,flawlessly.management,available,14.99,33.99,high,low,10,name.com,,,12/08/2026 10:23
f64ca2c4-6aab-48b4-bb45-61a89d188b3a,countess.management,available,20.2,20.2,medium,low,8,cloudflare,,,28/09/2026 13:48
c8a87a90-ebd1-4bcf-b54e-3214a333dc22,elector.management,available,20.9,20.9,medium,low,7,spaceship,,,28/09/2026 19:03
6b43bc42-69d0-4974-b599-54996e0daace,deposits.management,available,14.99,,high,low,8,name.com,,,
4e17c91f-da8c-4940-a1e1-3792c1ba2a71,buckeye.management,available,25.99,25.99,high,low,7,namesilo,,,17/09/2026 13:22
4d337e41-cbde-4126-9987-a2f9e3c4c6a7,forensic.management,available,25.99,25.99,high,low,8,namesilo,,,08/09/2026 15:50
f27e8dc8-633a-436b-9082-21b08b58a491,cretin.management,available,14.99,33.99,medium,low,6,name.com,,,21/08/2026 20:26
ed6f205f-cb59-457e-8385-2e2740135247,disinfection.management,available,25.99,25.99,high,low,12,namesilo,,,17/09/2026 16:37
96e74487-85e3-43b7-be1e-3431ef7fcc99,plasma.management,available,25.99,25.99,high,low,6,namesilo,,,28/09/2026 00:56
a1252397-c9cc-4edd-908c-7052dee15deb,inherently.management,available,25.99,25.99,medium,low,10,namesilo,,,15/09/2026 08:20
8df186fc-b5b3-4df8-a667-17a165f74896,goit.management,available,25.99,25.99,high,low,5,namesilo,,,17/09/2026 17:43
4a578d35-08de-4810-9a8b-83227ce0927a,checkroom.management,available,25.99,25.99,medium,low,9,namesilo,,,24/09/2026 14:04
4d2f8bbd-4783-435b-8e99-4b3d6e9d09a7,cary.management,available,25.99,25.99,high,low,4,namesilo,,,25/09/2026 12:59
369c7822-0d1b-42c1-9f90-fc73b1a3b128,badgering.management,available,25.99,25.99,medium,low,9,namesilo,,,13/09/2026 13:19
00fb82e6-b658-4a5b-a675-ed38c291ac78,tulsa.management,available,25.99,25.99,high,low,5,namesilo,,,29/09/2026 08:15
1970a73f-9993-4193-bc01-f51cf8738ac9,bather.management,available,26.98,34.98,high,low,6,namecheap,,,22/09/2026 13:31
f136fbfe-6cdb-437f-8cc8-8ae1939231e0,andira.management,available,25.99,25.99,medium,low,6,namesilo,,,19/09/2026 04:05
13a16829-2e28-4ca7-a2d2-2850e1d712f5,conquer.management,available,14.99,,high,low,7,name.com,,,
7c09c1ae-ae48-49a0-94a5-6f93212cb989,nestorian.management,available,25.99,25.99,high,low,9,namesilo,,,03/09/2026 15:50
5ee311c2-827b-4d47-8fa5-e889f7e35126,ferric.management,available,14.99,33.99,medium,low,6,name.com,,,18/08/2026 02:07
de6c5318-fd28-4483-ab1c-9b8e3a54b069,aras.management,available,25.99,25.99,medium,low,4,namesilo,,,20/09/2026 00:22
c3742fdc-c9a1-4226-93e6-8ce03762fdbf,genial.management,available,25.99,25.99,high,low,6,namesilo,,,21/09/2026 21:42
11e5b7dd-3661-430f-93c8-b2d1430538f7,staircase.management,available,8.24,21.62,medium,low,9,dynadot,,,28/09/2026 20:32
f15699f0-bd6f-47e6-99ff-94f84cafdc5c,undressed.management,available,25.99,25.99,medium,low,9,namesilo,,,12/09/2026 00:51
26078747-c6eb-4c57-bf46-9c08ef4fe10c,unavailable.management,available,25.99,25.99,medium,low,11,namesilo,,,29/09/2026 03:22
57633762-3e3f-4391-bc79-eed803316a69,stripes.management,available,25.99,25.99,high,low,7,namesilo,,,24/09/2026 14:23
6598d70f-539a-400e-8601-5d005923b3d7,renovation.management,available,20.2,20.2,high,low,10,cloudflare,,,28/09/2026 03:48
dc3f7cc4-c96d-4d0a-8ddb-ed3efc6f5231,balloons.management,available,20.9,20.9,medium,low,8,spaceship,,,28/09/2026 18:12
75fd50db-8cb3-479f-8ae3-d90ae9f2c4c5,fevered.management,available,14.99,33.99,medium,low,7,name.com,,,18/08/2026 03:07
747d3aa3-94c7-40de-a7fc-39069500135c,nasty.management,available,14.99,33.99,medium,low,5,name.com,,,13/08/2026 08:48
3aef5263-b086-4e97-a692-0aa97b99f1ff,gaylord.management,available,8.24,21.11,high,low,7,porkbun,,,29/09/2026 03:38
266b39ed-16a9-417c-8d2a-0da35a09a974,completions.management,available,25.99,25.99,medium,low,11,namesilo,,,30/09/2026 00:48
e02168e7-12c6-445d-8617-e58484fb6acc,mighty.management,available,14.99,33.99,high,low,6,name.com,,,24/08/2026 22:43
6aca1f8f-92fd-4280-8c74-a02e47eca1c9,puppet.management,available,20.9,20.9,high,low,6,spaceship,,,28/09/2026 02:20
8f8dc1a0-6ada-4783-9e2f-da9a45947898,hobble.management,available,14.99,33.99,medium,low,6,name.com,,,23/08/2026 13:26
1c276884-700e-4e24-bd0b-6bae7e787225,wrapped.management,available,14.99,33.99,high,low,7,name.com,,,
d077f285-e8a8-45a5-855f-ccd28bc9f5f4,thready.management,available,14.99,33.99,medium,low,7,name.com,,,18/08/2026 04:08
c53a59c0-f4f5-45ed-88b4-3c6fbe0d2dbd,helical.management,available,14.99,33.99,medium,low,7,name.com,,,12/08/2026 16:11
7f5719eb-7daa-487c-a553-1809ef139459,katie.management,available,25.99,25.99,high,low,5,namesilo,,,25/09/2026 13:27
f851f501-d7ed-47ee-8bd4-55a05a66862a,liveliness.management,available,25.99,25.99,high,low,10,namesilo,,,30/09/2026 02:30
d6651e00-3387-448c-b372-02e8a6941173,rightness.management,available,25.99,25.99,high,low,9,namesilo,,,19/09/2026 22:23
9e4db48d-1dc7-47c6-abe2-2d965bd6f606,epidemic.management,available,25.99,25.99,high,low,8,namesilo,,,24/09/2026 14:35
74f52f9d-352a-4476-90e2-8c33b37cf3b8,nox.management,available,25.99,25.99,high,medium,3,namesilo,,,29/09/2026 19:50
f25c5282-e30f-4996-92b1-8f19f15dd956,adapt.management,available,25.99,25.99,high,low,5,namesilo,,,28/09/2026 11:08
25f6320f-3066-491d-accb-5c14e091d32b,suppliant.management,available,25.99,25.99,medium,low,9,namesilo,,,11/09/2026 02:30
6e8f3512-25ec-411d-9a73-7d40ed4205fb,diminuendo.management,available,14.99,33.99,medium,low,10,name.com,,,13/08/2026 22:19
23c54ff4-e009-4ae5-855e-c902a63198eb,unnoticed.management,available,25.99,25.99,medium,low,9,namesilo,,,12/09/2026 16:02
0689e3b3-f3b8-43f6-840e-df21608f5d56,ropes.management,available,14.99,,medium,low,5,name.com,,,
12ea7db2-13f4-41f5-9ade-339c70ee3304,downplay.management,available,26.98,34.98,high,low,8,namecheap,,,21/09/2026 15:36
56ad3c7a-f712-4ebb-8d23-14f0df048c91,williamstown.management,available,25.99,25.99,medium,low,12,namesilo,,,29/09/2026 22:48
e67bb46d-be8b-4262-8f4f-0a7bc9f5c00b,perimeter.management,available,8.24,21.62,high,low,9,dynadot,,,28/09/2026 01:41
513f84f4-15a6-419f-9fde-6ea65defb9e7,centroidal.management,available,14.99,33.99,medium,low,10,name.com,,,12/08/2026 00:18
804a7fb9-ebaf-49a9-b04f-376d036c4ecb,draconian.management,available,14.99,33.99,medium,low,9,name.com,,,14/08/2026 18:10
ebfd3b63-acfc-4f69-906c-86ef12a53437,gal.management,available,20.9,20.9,high,low,3,spaceship,,,29/09/2026 20:30
502a1a02-d0ea-4d13-9a69-ab3ae2d07f80,quran.management,available,25.99,25.99,high,medium,5,namesilo,,,18/09/2026 01:05
b0c48401-7399-472b-b3fa-8e3da3f1fe7a,fumes.management,available,43.99,43.99,high,low,5,godaddy,,,30/09/2026 01:34
54f914f9-753c-4d6c-968a-1c0898ece58c,suave.management,available,14.99,33.99,high,low,5,name.com,,,13/08/2026 20:48
70b41285-3adc-48fc-8fab-6463cff56834,nearby.management,available,25.99,25.99,high,low,6,namesilo,,,03/09/2026 14:32
1595fe1d-7974-442a-8dcd-0a82df4579ba,endless.management,available,14.99,33.99,high,low,7,name.com,,,13/08/2026 18:44
f5341c62-bda2-4aa6-b54f-38a6b3e2b10b,despise.management,available,25.99,25.99,high,low,7,namesilo,,,29/09/2026 15:39
94c8cfce-2b13-43c7-bc8d-2e2455c26211,assumption.management,available,25.99,25.99,medium,low,10,namesilo,,,20/09/2026 16:39
81709a4d-5d81-4581-92cd-054ab26ae96d,jillion.management,available,26.98,34.98,medium,low,7,namecheap,,,11/09/2026 19:52
c6f97bad-1608-488d-b98b-ff745e8e9563,aeonian.management,available,14.99,33.99,medium,low,7,name.com,,,
62715a5a-cb70-4605-9be1-5c21e1c3f04a,xxxii.management,available,14.99,33.99,medium,low,5,name.com,,,
95b6dfaa-0934-417d-9cb9-d80760ab265b,flatness.management,available,14.99,33.99,medium,low,8,name.com,,,24/08/2026 17:17
7181c8ab-164c-498b-b998-63a591dbb70f,acrolein.management,available,25.99,25.99,medium,low,8,namesilo,,,17/09/2026 03:46
fbf9292b-19dd-46aa-bd4a-5ec9e09471b9,slips.management,available,25.99,25.99,high,low,5,namesilo,,,17/09/2026 12:24
968af702-fc64-40c9-9f7f-03e4f3bdc287,gems.management,available,25.99,25.99,high,low,4,namesilo,,,19/09/2026 19:45
68c280ea-55b6-438e-9681-1a074da5f2a5,turned.management,available,20.9,20.9,medium,low,6,spaceship,,,28/09/2026 09:34
b6fa6da3-a427-48ce-a576-2895428acccd,cleanup.management,available,14.99,33.99,high,low,7,name.com,,,12/08/2026 10:26
1f431090-8885-4aeb-99cf-ba25ecb0ba19,would.management,available,14.99,,high,low,5,name.com,,,
c5ef893b-f8cf-4c94-a4bf-8a0b8c4ad1cc,inches.management,available,25.99,25.99,low,low,6,namesilo,,,25/09/2026 20:47
575d66ad-c7ab-4525-b063-bfbce164754f,melanie.management,available,26.98,34.98,medium,low,7,namecheap,,,27/09/2026 07:18
32a72359-0837-46a8-80b1-06dff11a9b84,desirous.management,available,14.99,33.99,medium,low,8,name.com,,,14/08/2026 03:49
d042522a-4ae0-4a51-89cc-abfe375b0113,gland.management,available,20.2,20.2,medium,low,5,cloudflare,,,29/09/2026 07:05
c9329347-5636-4018-b76e-868d32a54c38,blasting.management,available,14.99,33.99,high,low,8,name.com,,,10/08/2026 13:10
4668b4fe-4429-4374-9560-36860a986e58,develop.management,available,14.99,,high,low,7,name.com,,,
51d1eccb-4393-4dce-9785-2c555f87441f,ruddy.management,available,14.99,33.99,high,low,5,name.com,,,10/08/2026 14:59
3dac962a-1971-416e-b169-43b204c4ac69,subsonic.management,available,25.99,25.99,medium,low,8,namesilo,,,11/09/2026 00:50
8c5ccf40-61ba-4689-bbba-7c41e5b0d008,alignment.management,available,25.99,25.99,high,low,9,namesilo,,,18/09/2026 07:47
f99ef340-e9a9-470d-884e-9b6ccb811858,crownless.management,available,14.99,33.99,high,low,9,name.com,,,13/08/2026 08:38
6fe03841-9f5e-4064-a27f-6df3483955e3,pollock.management,available,20.9,20.9,high,low,7,spaceship,,,29/09/2026 13:11
888b1b53-ff49-4d20-aa29-728e8998205b,pepsi.management,available,14.99,,high,low,5,name.com,,,
d30656c0-e1f2-4307-9769-3f697010ff46,cta.management,available,25.99,25.99,high,low,3,namesilo,,,29/09/2026 22:44
5d44e2ad-feb5-44f5-bb88-36040118865f,ansi.management,available,20.2,20.2,high,low,4,cloudflare,,,28/09/2026 11:47
219fe406-b397-4c8b-b827-a37e30b3270d,valve.management,available,20.9,20.9,high,low,5,spaceship,,,28/09/2026 11:02
782de386-f6f7-49ca-93f3-a7f895ecb227,nursery.management,available,26.98,34.98,high,low,7,namecheap,,,24/09/2026 23:01
43a4b461-1fd7-4caf-9b1c-587e8273ddac,penguin.management,available,25.99,25.99,high,medium,7,namesilo,,,28/09/2026 10:42
7fe9e46f-6166-4418-b4a8-30444b5f8d58,joyless.management,available,14.99,33.99,medium,low,7,name.com,,,22/08/2026 14:04
66986035-8a1b-4fbd-9969-f663aa16a072,notes.management,available,14.99,,high,low,5,name.com,,,
295a658d-16fd-414c-a57f-ba3febf3d6c6,erotism.management,available,26.98,34.98,medium,low,7,namecheap,,,18/09/2026 16:15
4c519946-bac8-496a-9584-5c405be6e979,crabwise.management,available,14.99,33.99,medium,low,8,name.com,,,13/08/2026 04:14
850b4546-85ac-4df5-b14d-fe3e8fc5b2c4,hypothetical.management,available,20.9,20.9,medium,low,12,spaceship,,,29/09/2026 02:54
a83bc6ee-123c-4622-b753-41b1ebd403a6,accordion.management,available,26.98,34.98,high,low,9,namecheap,,,16/09/2026 23:02
62600914-45f7-47b5-bfbc-17a04308cec2,oklahoman.management,available,26.98,34.98,medium,low,9,namecheap,,,16/09/2026 05:05
0aa38330-8f27-44da-9289-8921c24ab72a,bemidji.management,available,25.99,25.99,medium,low,7,namesilo,,,23/09/2026 07:16
72cad278-4d09-4154-a727-5f15d7a04ece,mph.management,available,8.24,21.62,high,low,3,dynadot,,,30/09/2026 02:18
fa58255f-dac4-40b2-a3ff-23b03b9db1e3,frequency.management,available,26.98,34.98,high,low,9,namecheap,,,16/09/2026 17:49
a5875a38-23f4-475f-b3f0-5e4b433df473,attender.management,available,14.99,33.99,medium,low,8,name.com,,,07/08/2026 15:17
a9121c1b-5d18-468f-a2df-345f79d7f3f6,photographed.management,available,26.98,34.98,medium,low,12,namecheap,,,21/09/2026 09:25
e953da87-edb2-40cc-ba8e-da3b9fb6455a,nerve.management,available,25.99,25.99,high,low,5,namesilo,,,25/09/2026 23:41
27c4669c-1919-4327-a11a-aa5e40c12557,campanula.management,available,26.98,34.98,high,low,9,namecheap,,,23/09/2026 06:05
0fc71945-9e63-4674-bfbf-c7af0cd409ef,inscription.management,available,25.99,25.99,high,low,11,namesilo,,,29/09/2026 15:57
f35d21db-bfc8-4694-90a4-05a24f107c47,wha.management,available,25.99,25.99,high,low,3,namesilo,,,29/09/2026 14:45
19647e17-d444-468e-8849-ff72c909849b,reviving.management,available,25.99,25.99,high,low,8,namesilo,,,09/09/2026 14:08
501b84c2-8084-4f8a-aeea-5b3ee2e9530a,grassy.management,available,14.99,33.99,high,low,6,name.com,,,20/08/2026 18:20
d6d8067a-dd6f-466d-92e4-5e1b69915cf3,jaws.management,available,25.99,25.99,medium,low,4,namesilo,,,28/09/2026 22:10
f6b2899e-ce2e-415b-93b0-95ff0e40af7b,anacardium.management,available,25.99,25.99,medium,low,10,namesilo,,,19/09/2026 00:59
9851e5d4-d47c-4456-8d40-537ed174b0e0,tenuous.management,available,25.99,25.99,medium,low,7,namesilo,,,11/09/2026 11:41
fa755368-9caf-49d0-976d-def03cf7b147,margosa.management,available,25.99,25.99,medium,low,7,namesilo,,,20/09/2026 05:43
120b5c48-fdcc-426b-9943-c0fc3d20f1a8,sobbing.management,available,8.24,21.62,medium,low,7,dynadot,,,30/09/2026 02:55
c58d1f16-ce4a-45f5-b64d-55ce359930c2,atole.management,available,25.99,25.99,medium,low,5,namesilo,,,20/09/2026 21:52
cb1dfa13-4aff-4bd8-a589-d2db58268811,riveting.management,available,25.99,25.99,high,low,8,namesilo,,,21/09/2026 15:09
3cb0b743-13cf-4e4f-9a98-ebe38f7e3636,plebeian.management,available,26.98,34.98,medium,low,8,namecheap,,,08/09/2026 21:00
3b8c3089-6118-419e-99ef-f30f1e03d55a,salem.management,available,20.2,20.2,high,low,5,cloudflare,,,29/09/2026 18:13
8e690bb3-252f-47df-b499-7b0d9cf00f6e,vols.management,available,26.98,34.98,medium,low,4,namecheap,,,27/09/2026 11:41
25b1dc27-ceb3-4b1a-bcbf-196b42221f98,causal.management,available,14.99,33.99,high,low,6,name.com,,,11/08/2026 22:37
8485a788-fe69-4325-ac7f-d0ea5675a3fe,longwise.management,available,14.99,33.99,medium,low,8,name.com,,,22/08/2026 23:42
4e681b45-fd38-47ee-bc58-b6b584e86f29,luxuriant.management,available,14.99,33.99,high,low,9,name.com,,,15/08/2026 22:14
beee58f2-4371-4338-a451-79cb6797a3c4,thermionic.management,available,25.99,25.99,medium,low,10,namesilo,,,11/09/2026 12:56
5619ca4b-caae-4700-b76d-89ba164eff9b,autochthon.management,available,25.99,25.99,medium,low,10,namesilo,,,21/09/2026 06:02
684fd276-7429-425f-86dd-5d373f89c15d,ribless.management,available,25.99,25.99,medium,low,7,namesilo,,,09/09/2026 17:15
d1eada76-becc-44ce-bf20-f3793e7adce6,adolescent.management,available,26.98,34.98,high,low,10,namecheap,,,21/09/2026 19:03
64ff18da-bb4e-4da8-bc66-7073b67d90f9,sleeve.management,available,25.99,25.99,high,low,6,namesilo,,,27/09/2026 15:53
8c0a9e23-f141-4f89-9852-250dfa7391ee,erin.management,available,25.99,25.99,high,low,4,namesilo,,,28/09/2026 05:36
cfc5904c-80db-4e7d-a4e0-91b8779c1582,termination.management,available,25.99,25.99,high,low,11,namesilo,,,04/09/2026 07:49
3b21bdba-cb44-4cc5-b9a5-c2eb8fcbcde7,grecian.management,available,14.99,33.99,high,low,7,name.com,,,20/08/2026 19:44
1ed97db5-5108-46dc-bf32-843c5eb949b5,chilean.management,available,14.99,33.99,high,low,7,name.com,,,12/08/2026 05:15
04cd54ff-10c0-48f6-9496-20aee5d2a949,patient.management,resell,,,high,low,7,,,,27/09/2026 03:04
5d9398ed-475a-4569-802c-d325055c33e1,from.management,available,25.99,25.99,high,low,4,namesilo,,,08/09/2026 08:57
9793a632-a4d6-492b-96ea-e6b3e36001c3,coccoid.management,available,14.99,33.99,medium,low,7,name.com,,,12/08/2026 14:41
13e9d477-580e-4398-846b-b0015cfe40df,anorectal.management,available,25.99,25.99,medium,low,9,namesilo,,,
5375bbc2-d2ab-451e-9538-3cb9c36c620a,delimited.management,available,14.99,33.99,medium,low,9,name.com,,,10/08/2026 21:54
45878b02-646d-4c94-90bd-0bcc288c7259,somewhat.management,available,25.99,25.99,high,low,8,namesilo,,,25/09/2026 12:06
f9e7bc28-6142-46c3-962b-25e8d2f167ae,unlovely.management,available,25.99,25.99,medium,low,8,namesilo,,,12/09/2026 15:12
544c80af-965c-47f2-a17b-7a7ac5454fd6,beaten.management,available,14.99,33.99,medium,low,6,name.com,,,09/08/2026 05:47
a5be2b88-2f2b-47b7-a523-d171fbbf7011,lantern.management,available,20.2,20.2,high,low,7,cloudflare,,,28/09/2026 14:40
e7383237-263e-4c09-9fe0-639d850d98a5,worst.management,available,20.9,20.9,medium,low,5,spaceship,,,28/09/2026 10:59
626f7e17-8866-4967-8d01-9d909a692554,mellowed.management,available,14.99,33.99,medium,low,8,name.com,,,24/08/2026 19:36
56018ffc-389c-4ce1-a18c-37e4724e91a6,direction.management,available,20.2,20.2,high,low,9,cloudflare,,,29/09/2026 07:46
c74689f5-ce5d-4b1a-9d31-3bcc3439a6db,allomorph.management,available,25.99,25.99,medium,low,9,namesilo,,,18/09/2026 11:59
87f07649-1cd2-4c03-af7b-4919bbdf7d0a,norfolk.management,available,14.99,,high,low,7,name.com,,,
b1b28168-588f-4638-a090-c2f713a59b7f,copy.management,available,25.99,25.99,high,low,4,namesilo,,,29/09/2026 11:34
66b5c850-6502-4b18-b7ab-dfbd1f8e7772,arriviste.management,available,25.99,25.99,medium,low,9,namesilo,,,03/09/2026 22:17
40c7fd0b-d9e8-4a08-8fc1-3da5e2850df5,rss.management,available,20.2,20.2,high,low,3,cloudflare,,,29/09/2026 21:06
87200507-ac24-484b-b58a-aa5c0029e1cf,ina.management,available,20.9,20.9,high,low,3,spaceship,,,28/09/2026 04:04
6c65c587-a855-4f37-a550-618c431ebfeb,osgood.management,available,20.9,20.9,high,low,6,spaceship,,,29/09/2026 09:55
0b1850c5-ea75-4fef-92b3-9fdce0461c63,zealous.management,available,25.99,25.99,high,low,7,namesilo,,,13/09/2026 15:10
843b1f0f-c598-48d3-9fc5-f40a95adbb55,basiliscus.management,available,25.99,25.99,medium,low,10,namesilo,,,22/09/2026 10:53
bd8274df-172c-4bad-b9ee-795f4375ecf1,salzburg.management,available,8.24,21.62,high,low,8,dynadot,,,28/09/2026 03:02
396b3ce7-5366-43d6-bda8-6ac28f4d968c,northwards.management,available,14.99,33.99,medium,low,10,name.com,,,03/09/2026 21:25
1f982672-7e5a-43dd-aa21-951ac71adb0f,blackfriar.management,available,14.99,33.99,medium,low,10,name.com,,,14/08/2026 15:46
bd9ddcf9-e7cd-42a4-9db0-e21652fa54e0,hesitation.management,available,25.99,25.99,high,low,10,namesilo,,,24/09/2026 16:28
1b1dc87a-cb11-4b11-bd51-822e203d22ab,combined.management,available,14.99,33.99,high,low,8,name.com,,,12/08/2026 18:36
b59ac84f-2268-485e-9cc6-8dc0f1aee5eb,litre.management,available,14.99,33.99,high,low,5,name.com,,,22/08/2026 17:09
7172fb80-9f1a-4e23-8179-4e5f26ec0f51,afloat.management,available,14.99,,high,low,6,name.com,,,
bc4668f7-88c7-4d93-85f7-b4923c847e1f,riming.management,available,25.99,25.99,medium,low,6,namesilo,,,09/09/2026 16:55
c99d4ce0-69c7-4fd1-9298-1a3edb231786,automobile.management,available,20.9,20.9,high,low,10,spaceship,,,28/09/2026 23:26
9b2ca5d8-1db9-4efe-bc26-e456ee3cd717,domestic.management,available,25.99,25.99,high,low,8,namesilo,,,19/09/2026 12:54
ebca9a50-4972-403f-bd9e-bdf72bbd4f15,norther.management,available,14.99,33.99,medium,low,7,name.com,,,03/09/2026 21:34
84c18ad2-4b64-431e-bd1d-98b689f73f9b,priests.management,available,25.99,25.99,medium,low,7,namesilo,,,18/09/2026 03:38
fecfe716-203c-47f8-a8d8-39a3dfcbae1c,longways.management,available,14.99,33.99,medium,low,8,name.com,,,22/08/2026 23:44
a7d1886f-cb54-4afc-8e5c-209ad03caf89,eased.management,available,14.99,33.99,high,low,5,name.com,,,
e6e7b6d9-2adc-425d-bb0f-9c946d08e913,agency.management,resell,,,high,medium,6,"Wild West Domains, LLC",16/03/2014 16:00,16/03/2027 16:00,26/09/2026 01:26
a52dcae4-d959-404c-b9d8-0186fe70dce1,odorless.management,available,14.99,33.99,high,low,8,name.com,,,22/08/2026 06:02
ec99e414-2644-45e0-a35f-8f25d71fcd62,salim.management,available,25.99,25.99,high,low,5,namesilo,,,19/09/2026 04:37
58c33e45-72fa-42fc-b380-4abd006aeed0,cook.management,available,26.98,34.98,high,low,4,namecheap,,,27/09/2026 10:07
455af732-de48-461e-a406-3a8338740bd8,deictic.management,available,14.99,33.99,medium,low,7,name.com,,,14/08/2026 00:12
c306de9a-baa8-4ed8-9219-b60a123a2508,speak.management,available,14.99,,high,low,5,name.com,,,
bd0ecea7-7a88-4837-b582-40ede4f05bcc,demonstrations.management,available,14.99,,medium,low,14,name.com,,,
88123b78-5eb2-49e1-8ff9-db086d228276,vines.management,available,20.9,20.9,medium,low,5,spaceship,,,29/09/2026 23:04
d7e0e9a3-b820-489f-9ae2-771d48353675,wake.management,available,25.99,25.99,high,low,4,namesilo,,,22/09/2026 14:42
e41c2b9f-bf91-4227-b155-c796c653823e,litoral.management,available,14.99,33.99,medium,low,7,name.com,,,24/08/2026 07:36
dbd1b5be-0e87-45ca-965f-8a5aa3f0dde9,wilshire.management,available,25.99,25.99,medium,low,8,namesilo,,,29/09/2026 22:35
54d939f2-c7b7-42a4-9724-9bf159fa3074,quiet.management,available,25.99,25.99,high,low,5,namesilo,,,25/09/2026 09:20
d2838abb-bf3f-4b3d-9537-6f7ede730dd7,emilia.management,available,20.2,20.2,medium,low,6,cloudflare,,,28/09/2026 09:36
79e85bf9-9798-499c-91ca-be7a1215c0e0,carribean.management,available,14.99,,high,low,9,name.com,,,
6459bc16-ec15-4f6a-a92b-f16a5d93c44b,bratty.management,available,14.99,33.99,medium,low,6,name.com,,,11/08/2026 02:37
b648e3c1-890c-475e-b549-8bc2b044616b,aspheric.management,available,14.99,33.99,medium,low,8,name.com,,,07/08/2026 04:52
19547fc4-fa41-4852-b61c-8ab9048c3bfa,bilgewater.management,available,25.99,25.99,medium,low,10,namesilo,,,21/09/2026 23:46
dbd2c0e6-dabf-4978-b35f-3ca4a693d774,buzzing.management,available,14.99,33.99,high,low,7,name.com,,,
2c9aed0b-68ca-458a-84ca-308524dcac48,conservatory.management,available,20.2,20.2,high,low,12,cloudflare,,,29/09/2026 03:18
c3a77857-77e5-4253-b923-687f9581e0ed,seeming.management,available,14.99,,high,low,7,name.com,,,
86c506d1-fe22-42df-a832-b73a331f1b44,premiss.management,available,25.99,25.99,medium,low,7,namesilo,,,20/09/2026 16:38
81cbf75e-7b36-4f29-a342-3053f3739b3d,bezant.management,available,25.99,25.99,low,low,6,namesilo,,,23/09/2026 12:11
9e4862ca-e22e-4ea5-bdef-087cf4d2ead3,ubiquitous.management,available,25.99,25.99,high,low,10,namesilo,,,04/09/2026 13:54
d62e12fd-6598-44a2-8bcc-c0316ce5563c,auto.management,resell,,,high,medium,4,Edomains LLC,16/02/2023 15:15,16/02/2027 15:15,28/09/2026 23:23
759a1e1b-8d91-42d5-b59e-a27cf4ba1d6b,amiably.management,available,26.98,34.98,medium,low,7,namecheap,,,13/09/2026 17:50
4256673d-869a-44a4-b56d-f2a6efd7a044,subsets.management,available,26.98,34.98,medium,low,7,namecheap,,,21/09/2026 01:05
5d9b138b-c0d0-4e5d-9d73-f61c9ede5374,incidence.management,available,20.9,20.9,high,low,9,spaceship,,,29/09/2026 23:46
fe4e9709-33ea-4691-b627-ad417b01e63a,coincidence.management,available,20.9,20.9,high,low,11,spaceship,,,27/09/2026 21:29
31d35a35-7fde-4831-8226-b1af3da24587,palliative.management,available,14.99,33.99,high,low,10,name.com,,,
077ea976-3d20-445f-928a-79112e0b3f48,shandong.management,available,20.2,20.2,medium,low,8,cloudflare,,,29/09/2026 03:52
29eea4c1-cce4-4451-8efc-a11e1f911f25,criterial.management,available,14.99,33.99,medium,low,9,name.com,,,13/08/2026 07:27
c6697f94-c147-463d-9504-85bfb34c3702,grower.management,available,26.98,34.98,high,low,6,namecheap,,,17/09/2026 19:21
1b899a6e-c87e-49b9-a628-b626ae6fa1eb,yards.management,available,20.2,20.2,high,low,5,cloudflare,,,29/09/2026 08:47
02f98a14-46b9-42f8-a6ee-8f71a9b40b4d,aural.management,available,25.99,25.99,high,low,5,namesilo,,,22/09/2026 12:49
99b0d5fd-af6d-4fd6-88c6-25814bd6243f,waters.management,available,20.2,20.2,high,low,6,cloudflare,,,28/09/2026 21:01
f65f372e-3456-41a2-933e-547a56cf032b,coma.management,available,25.99,25.99,high,low,4,namesilo,,,25/09/2026 04:19
e6ad86b9-e6d5-497e-9a9e-6119a6934e3f,autotomic.management,available,14.99,33.99,medium,low,9,name.com,,,07/08/2026 21:13
7054086e-c747-42d8-964d-4e8180df2973,bedding.management,available,26.98,34.98,high,low,7,namecheap,,,22/09/2026 22:50
6a612aea-353c-4751-a37f-c458d76ec9f8,pun.management,available,25.99,25.99,high,low,3,namesilo,,,30/09/2026 02:27
084c5efe-b6d2-4693-84f6-ea6f85e67df5,alimental.management,available,14.99,33.99,medium,low,9,name.com,,,
8e0f820f-fcc1-4487-a023-1c651b254758,sparely.management,available,25.99,25.99,medium,low,7,namesilo,,,16/09/2026 05:49
63f408d7-2b25-4e04-94c1-46464394913b,underarm.management,available,25.99,25.99,medium,low,8,namesilo,,,12/09/2026 07:21
4e00f737-495f-4504-a054-8440c8b2c0de,fop.management,available,14.99,33.99,medium,low,3,name.com,,,13/08/2026 17:09
09bfd45d-b0a7-4a87-ac92-7f8dc1646fbc,astonished.management,available,25.99,25.99,high,low,10,namesilo,,,22/09/2026 03:35
9a1b24b0-224b-4c7d-a1e6-f805a3b992b9,wallow.management,available,25.99,25.99,high,low,6,namesilo,,,23/09/2026 16:37
a5a5b20c-8ad7-405c-8940-1ef5a68e92c2,falmouth.management,available,25.99,25.99,medium,low,8,namesilo,,,28/09/2026 07:50
a4c33d97-7223-42c2-972d-22b6599f268d,invaders.management,available,25.99,25.99,medium,low,8,namesilo,,,30/09/2026 00:36
c862ff42-0422-4d87-8204-80aee69089df,ernesto.management,available,26.98,34.98,medium,low,7,namecheap,,,28/09/2026 07:52
46997b55-ace4-4d81-9e8e-8ec3af2ae2ac,underfoot.management,available,25.99,25.99,medium,low,9,namesilo,,,16/09/2026 09:56
8285843b-4afd-498a-b4c6-8870308a724a,quilted.management,available,26.98,34.98,medium,low,7,namecheap,,,09/09/2026 08:58
ba8554a2-b3ee-4dbe-91de-8cb893776cf1,imagined.management,available,25.99,25.99,high,low,8,namesilo,,,27/09/2026 09:43
94a3730d-0a4e-47e7-acbc-96297ca40c42,oasis.management,available,20.2,20.2,high,medium,5,cloudflare,,,29/09/2026 07:10
efdb9977-1094-46ab-84fc-aaaeea6a9a02,tighten.management,available,20.9,20.9,high,low,7,spaceship,,,29/09/2026 14:16
901c171c-e445-43c1-9921-99e4268ba5f9,exile.management,available,20.9,20.9,high,low,5,spaceship,,,28/09/2026 18:57
78c2711e-e508-4f2b-81b0-569dd6089e6f,abdias.management,available,25.99,25.99,medium,low,6,namesilo,,,16/09/2026 14:41
6c1990c6-7a46-415d-b951-ba6875f1ec24,concerning.management,available,25.99,25.99,high,low,10,namesilo,,,28/09/2026 03:24
b3f82c19-027f-4a71-9247-3544547d899a,arriving.management,available,14.99,,medium,low,8,name.com,,,
33b840c2-3420-4ab8-8915-b92150e47c82,bomber.management,available,20.9,20.9,medium,low,6,spaceship,,,28/09/2026 09:10
8177a13b-47e5-43a2-9a2a-06d79a3f6764,appease.management,available,14.99,33.99,high,low,7,name.com,,,18/08/2026 22:08
b04d1f04-c274-4bb2-a0d3-2dda0d5b56c3,humoring.management,available,25.99,25.99,high,low,8,namesilo,,,05/09/2026 00:31
d9a35929-c046-42d3-8e9b-82bf9869538a,aids.management,available,20.9,20.9,medium,low,4,spaceship,,,28/09/2026 17:52
f018d29b-3a95-4cfc-9ad1-9395e47c1e5e,concentrating.management,available,26.98,34.98,low,low,13,namecheap,,,29/09/2026 11:35
95ed7f85-a5a4-45c0-8c8a-e1ff611e87b0,monte.management,available,25.99,25.99,high,low,5,namesilo,,,28/09/2026 05:47
435be77b-32d3-4233-bf4c-14d24cce194a,ionic.management,available,14.99,33.99,high,low,5,name.com,,,22/08/2026 09:29
265ecd0a-74ec-41a2-8ecc-27694b1583c6,errand.management,available,20.9,20.9,high,low,6,spaceship,,,30/09/2026 01:33
9df13ea3-8eba-4fba-8676-948bffa95038,bound.management,available,25.99,25.99,high,low,5,namesilo,,,22/09/2026 07:27
e0e82fdc-649b-4098-86d0-0920a33e8da0,intrusion.management,available,25.99,25.99,medium,low,9,namesilo,,,29/09/2026 00:48
72e1a752-daab-4e12-b80f-ad26bbe43763,georges.management,available,25.99,25.99,high,low,7,namesilo,,,25/09/2026 15:05
1c5d955b-3533-4bd1-bb95-6a5ecab353a9,adman.management,available,25.99,25.99,high,low,5,namesilo,,,17/09/2026 08:40
d7202b64-5cd6-4e85-9b3a-dca3c0cb52e2,callahan.management,available,20.2,20.2,medium,low,8,cloudflare,,,28/09/2026 08:05
ac38a0c7-423d-4cb8-8ca9-925819526bd6,rebuilding.management,available,26.98,34.98,high,low,10,namecheap,,,29/09/2026 20:09
d14640dc-2dde-4535-b7ef-3c1f2833d7f3,bishkek.management,available,25.99,25.99,medium,low,7,namesilo,,,23/09/2026 21:43
79c28a0b-655a-451f-ad02-24fa43840b8b,sprung.management,available,25.99,25.99,high,low,6,namesilo,,,29/09/2026 14:17
3be5a43a-d452-4f0f-91f2-5a1460e883c1,intercourse.management,available,25.99,25.99,high,low,11,namesilo,,,28/09/2026 07:00
23d78c48-5a09-4de3-b15a-4cae36d8a513,servo.management,available,25.99,25.99,high,low,5,namesilo,,,10/09/2026 04:57
50737773-ed9b-492e-814f-297e67cbd04e,commend.management,available,14.99,,high,low,7,name.com,,,
17318596-201c-49d2-b898-4e03b038a5a2,bubbly.management,available,14.99,33.99,high,low,6,name.com,,,11/08/2026 07:16
e1fbb9f6-c0a8-4659-ab6e-5c53081177ae,checkers.management,available,26.98,34.98,high,low,8,namecheap,,,24/09/2026 13:59
6abf5eec-b2d2-49d4-a922-1b430d9d7a72,recordings.management,available,20.2,20.2,medium,low,10,cloudflare,,,29/09/2026 16:40
3fc153ed-3669-4690-b7b0-6cd65950ef5c,whammy.management,available,14.99,33.99,medium,low,6,name.com,,,21/08/2026 07:39
f9f351a3-545c-459a-9f4e-fdb0e05d8ee8,aga.management,available,26.98,34.98,high,low,3,namecheap,,,17/09/2026 15:58
90f52470-a40e-40a4-930f-0c57c53fd28e,elmore.management,available,20.9,20.9,medium,low,6,spaceship,,,29/09/2026 10:03
a0ecfca8-a83a-4e05-b8f8-f82b67ad1ce9,feetfirst.management,available,26.98,34.98,medium,low,9,namecheap,,,14/09/2026 18:20
714e3d0d-7f31-4a29-aa9c-ff5af641e52e,mak.management,available,20.9,20.9,high,low,3,spaceship,,,29/09/2026 13:22
217a4320-327f-48c0-ac33-b19191cf5900,carpetbag.management,available,14.99,33.99,medium,low,9,name.com,,,11/08/2026 19:44
38c0778c-11fc-4434-8f61-7d5317b2b404,calming.management,available,26.98,34.98,high,low,7,namecheap,,,19/09/2026 20:28
13486452-f4b3-4bf2-8abb-7ec1f6b1e423,graduating.management,available,20.2,20.2,low,low,10,cloudflare,,,28/09/2026 12:36
9e6e69f8-b7cf-499f-9571-d1b4dd81ff85,disulfiram.management,available,25.99,25.99,medium,low,10,namesilo,,,19/09/2026 12:22
dc7b7ed7-a40e-4c82-bbaf-e42fe1502c4b,prat.management,available,14.99,33.99,medium,low,4,name.com,,,09/08/2026 11:18
68e3b3aa-697d-4b64-9ff4-1a030d7ffbfd,neither.management,available,25.99,25.99,high,low,7,namesilo,,,03/09/2026 15:18
a0dcf34a-06ee-450c-85db-6b5c88e3ee5d,screened.management,available,20.2,20.2,medium,low,8,cloudflare,,,30/09/2026 00:45
91664f21-32ab-4d31-9575-617b4e1f4719,colchester.management,available,25.99,25.99,medium,low,10,namesilo,,,28/09/2026 07:50
5b9f46a8-379e-4632-af9c-9f31d8061528,zenithal.management,available,25.99,25.99,medium,low,8,namesilo,,,13/09/2026 15:12
488637a2-bb88-4441-9554-4740f779331f,tersely.management,available,25.99,25.99,medium,low,7,namesilo,,,16/09/2026 08:13
b18edefc-1b56-467a-affa-10ecfafe9b57,palo.management,available,25.99,25.99,medium,low,4,namesilo,,,27/09/2026 01:51
83ea8f64-8da9-4502-bff0-b0079b27c5ec,spiders.management,available,25.99,25.99,medium,low,7,namesilo,,,16/09/2026 05:32
107d0b29-32b6-4500-8d13-b1de96e22513,stall.management,available,20.9,20.9,high,low,5,spaceship,,,27/09/2026 12:14
5e9f6328-a4c0-463d-93cc-84631272fbb2,ernest.management,available,8.24,21.62,high,low,6,dynadot,,,28/09/2026 11:52
4f8f7642-db9e-40f0-8fb4-f0d0e1f31e16,abydos.management,available,25.99,25.99,medium,low,6,namesilo,,,16/09/2026 19:41
42386cb2-01f8-4d1e-b1ce-bcdf038552bd,moi.management,available,14.99,,high,low,3,name.com,,,
524f27a9-aff4-4be9-b733-714f84c58f68,sixtieth.management,available,14.99,33.99,high,low,8,name.com,,,
dfce15bb-3f47-4b66-b129-59f4ac2ad152,anoa.management,available,25.99,25.99,medium,low,4,namesilo,,,19/09/2026 11:10
018349ea-10a3-438e-9435-d53ea5edffb4,politically.management,available,20.9,20.9,medium,low,11,spaceship,,,28/09/2026 11:12
68bbeae6-0439-4150-a91e-4e3e79b6784d,discoid.management,available,14.99,33.99,medium,low,7,name.com,,,14/08/2026 09:38
d5119348-8723-4c26-9290-5d71d9f07003,argument.management,available,25.99,25.99,high,low,8,namesilo,,,20/09/2026 04:49
812e2447-5311-463e-8798-61d141fcb153,buttonlike.management,available,14.99,33.99,medium,low,10,name.com,,,09/08/2026 03:39
f2ba0267-5bd0-4f46-a845-3bd07de5f6b1,male.management,available,25.99,25.99,high,low,4,namesilo,,,25/09/2026 16:34
e4e543c4-3c6d-4813-b404-9afd2503f4bb,fingerprints.management,available,20.9,20.9,medium,low,12,spaceship,,,28/09/2026 13:26
51598bbb-358b-4f65-bfb9-148f968533c4,pea.management,available,25.99,25.99,high,low,3,namesilo,,,28/09/2026 15:03
c6e9837b-0f4f-4b89-b0ac-f642b1586ad0,suspects.management,available,25.99,25.99,medium,low,8,namesilo,,,27/09/2026 03:17
cb5440b2-8074-4737-8dc8-07a7e161a48f,damascene.management,available,14.99,33.99,medium,low,9,name.com,,,13/08/2026 16:07
3639fbfd-8549-43a5-8cc7-437c9adf1327,boethius.management,available,25.99,25.99,medium,low,8,namesilo,,,19/09/2026 08:26
bed45624-629d-4494-85aa-a065f29fbc8a,authorship.management,available,25.99,25.99,high,low,10,namesilo,,,21/09/2026 05:26
b5afeb77-77a2-4e53-ad30-a3f261ad09a5,idolized.management,available,14.99,33.99,medium,low,8,name.com,,,
559d9858-bb98-46c7-b0c7-c906ab203014,polyphase.management,available,25.99,25.99,medium,low,9,namesilo,,,03/09/2026 10:52
73a1dbb7-1327-4092-905f-a1831d3f2b07,mirthful.management,available,14.99,33.99,high,low,8,name.com,,,12/08/2026 19:00
2519760c-c1d8-4e8b-a4d8-76d38eacf721,debauch.management,available,14.99,33.99,medium,low,7,name.com,,,13/08/2026 02:20
3386f5a7-34cc-4e32-bf1f-16a41d137752,literary.management,available,8.24,21.62,high,low,8,dynadot,,,28/09/2026 07:59
5fc2cd29-9a8d-4bbe-bc27-2f46d5e091ae,hospitable.management,available,14.99,33.99,high,low,10,name.com,,,21/08/2026 14:16
a2f07571-5a46-48a9-81df-15af6d8a527a,tracy.management,available,14.99,,high,low,5,name.com,,,
97e72b7c-e065-4b05-aabf-cc9700610540,unconscious.management,available,26.98,34.98,medium,low,11,namecheap,,,26/09/2026 03:06
6db1b610-f632-4bcf-bccc-b96e045f0e12,legitimacy.management,available,25.99,25.99,high,low,10,namesilo,,,21/09/2026 05:07
e33b54a8-f30c-418b-a612-3d2c063d0133,ratter.management,available,14.99,33.99,low,low,6,name.com,,,06/08/2026 04:00
e55cba6d-a94f-49a5-ad50-7eaf1d1b12a2,immorality.management,available,14.99,33.99,medium,low,10,name.com,,,17/08/2026 15:04
177310b1-97b3-4529-a014-7dc5fdd11ddf,digits.management,available,14.99,,high,low,6,name.com,,,
db37a16e-6771-4fa5-8bd9-8be1f869099c,moonless.management,available,14.99,33.99,medium,low,8,name.com,,,25/08/2026 05:54
a2b4df69-faa3-4e29-8def-b06f93c9a1fe,statue.management,available,25.99,25.99,high,low,6,namesilo,,,26/09/2026 00:24
e325bb82-2104-40e3-a011-eab1e6ae7628,smallish.management,available,25.99,25.99,medium,low,8,namesilo,,,10/09/2026 11:46
f043b183-f68f-4b02-996c-abb38069c9c1,bathsheba.management,available,26.98,34.98,medium,low,9,namecheap,,,22/09/2026 13:52
d2afe993-b287-43eb-a1d4-4469c863eadd,canonical.management,available,14.99,33.99,high,low,9,name.com,,,11/08/2026 17:23
4fde3ef4-f282-465a-a2fa-093d8ea3ceff,assassin.management,available,26.98,34.98,high,low,8,namecheap,,,20/09/2026 15:43
76d3ecee-8692-48ff-bb64-b2f96850f8d4,singing.management,available,14.99,33.99,high,low,7,name.com,,,11/08/2026 17:40
26e00d7b-4902-43bf-bd26-3fc4bc6f05ae,teachable.management,available,25.99,25.99,high,low,9,namesilo,,,11/09/2026 09:34
dd6d8940-dc8e-4914-b779-c0e64ee018bd,browbeat.management,available,14.99,33.99,medium,low,8,name.com,,,11/08/2026 08:53
509ec158-c7db-4240-90f6-fb4039488550,erupt.management,available,14.99,,high,low,5,name.com,,,
a0bbdc05-5ba5-418f-b678-b064e069040c,geoff.management,available,25.99,25.99,medium,low,5,namesilo,,,28/09/2026 07:55
ee55c6fe-8f24-4e65-9449-e01193fcf11b,continent.management,available,14.99,33.99,high,low,9,name.com,,,11/08/2026 23:26
597a1c65-4c11-4709-b118-84a17590a26e,shu.management,available,8.24,21.11,high,low,3,porkbun,,,27/09/2026 21:11
27c4e8cf-0ae4-4dc2-9d91-09f471ec19e0,underlying.management,available,14.99,33.99,high,low,10,name.com,,,21/08/2026 22:41
7d3d283e-2c16-460e-8f74-0de090e24e14,atoms.management,available,25.99,25.99,high,low,5,namesilo,,,29/09/2026 16:34
c9268232-0c7f-4968-a41e-75df13762637,monkshood.management,available,25.99,25.99,medium,low,9,namesilo,,,17/09/2026 02:11
89fb2273-b6e1-44d6-9e38-176f7576efee,bedroom.management,available,25.99,25.99,high,low,7,namesilo,,,22/09/2026 23:08
7d28d3d9-96e0-4a1f-92d8-a6e4efde5caf,acrodont.management,available,14.99,33.99,medium,low,8,name.com,,,17/09/2026 03:41
bd428821-e9da-41b9-a42b-96eb7baf5ec5,spaceship.management,available,25.99,25.99,high,medium,9,namesilo,,,29/09/2026 08:05
74882c53-c55c-4c02-b3e0-a209ce969d44,radial.management,available,25.99,25.99,high,low,6,namesilo,,,09/09/2026 09:30
b5039523-df63-4bd4-b74f-15da193b18be,cistercian.management,available,20.9,20.9,medium,low,10,spaceship,,,29/09/2026 18:21
1781f5bd-a357-4965-b253-b891a596b14d,lanky.management,available,14.99,33.99,medium,low,5,name.com,,,18/08/2026 20:11
c36a84ad-804f-44cc-ab9e-338344a72b66,doable.management,available,26.98,34.98,high,low,6,namecheap,,,21/09/2026 15:46
9bbb2b8e-7a39-44c5-8bc2-aeaf1cf4d5de,philosophical.management,available,8.24,21.62,high,low,13,dynadot,,,29/09/2026 08:37
5e36d5cb-0e6a-4984-a653-649d903f0a61,situated.management,available,26.98,34.98,high,low,8,namecheap,,,25/09/2026 14:16
0d5f97cd-d4a7-43fa-a180-7416b55997b7,boycott.management,available,25.99,25.99,medium,low,7,namesilo,,,24/09/2026 07:48
2e902a20-b981-4ba0-9988-395f3141017e,amazona.management,available,25.99,25.99,high,low,7,namesilo,,,18/09/2026 16:23
f32c8a56-e85d-4dc8-a485-196d34392b1e,peppers.management,available,20.9,20.9,high,low,7,spaceship,,,29/09/2026 17:14
99175b21-d44c-46af-ae80-3530fc6e3621,recently.management,available,25.99,25.99,medium,low,8,namesilo,,,28/09/2026 16:05
c96f4ddd-2300-4041-ab1f-fdcfc3392218,lotic.management,available,14.99,33.99,medium,low,5,name.com,,,24/08/2026 10:00
04e5b6eb-be88-470e-af88-c9b305af3d72,threatening.management,available,14.99,,medium,low,11,name.com,,,
d794ac68-d188-488a-97cd-ef5dbb1d7e68,aare.management,available,25.99,25.99,high,low,4,namesilo,,,16/09/2026 13:18
8865bba3-7502-4597-b140-e121ab481c06,erosive.management,available,14.99,33.99,medium,low,7,name.com,,,13/08/2026 02:09
603bbfa2-8240-4051-bc18-71a4a2f383e4,string.management,available,25.99,25.99,high,low,6,namesilo,,,24/09/2026 07:38
d9671d87-eb23-47ae-9873-78cdc63ef6bc,bespoken.management,available,14.99,33.99,medium,low,8,name.com,,,09/08/2026 17:31
d8f28d21-8a45-4fc2-9643-8372511197bb,backhoe.management,available,25.99,25.99,high,low,7,namesilo,,,21/09/2026 15:37
4ff0e4f8-eca4-492d-9f80-56a7938e9334,squealer.management,available,25.99,25.99,medium,low,8,namesilo,,,23/09/2026 11:32
f010f7cd-7a42-4c3e-957f-fc86c5ffb366,reputedly.management,available,25.99,25.99,medium,low,9,namesilo,,,15/09/2026 23:20
9b5fd011-0957-45e1-81fd-f5c4e4cb2ffd,designated.management,available,20.9,20.9,medium,low,10,spaceship,,,28/09/2026 22:42
8848b32e-92cb-4876-bf9c-829783b9911f,amniota.management,available,25.99,25.99,medium,low,7,namesilo,,,18/09/2026 22:27
11fc8a51-c4ab-41eb-9dd5-15ff5bb8a452,salvatore.management,available,20.9,20.9,medium,low,9,spaceship,,,28/09/2026 16:31
61289a04-7d2b-44b8-87fe-524ada62b807,wicked.management,available,25.99,25.99,high,low,6,namesilo,,,24/09/2026 11:13
dbabc647-0ea8-42d2-a6fd-455d6ea43cde,point.management,available,26.98,34.98,high,low,5,namecheap,,,28/09/2026 15:57
227b5fbf-574e-48de-8dd7-5692b488f349,sweltering.management,available,25.99,25.99,medium,low,10,namesilo,,,11/09/2026 05:40
013f7c3a-c764-4fe9-812f-a9abd92ef814,curvey.management,available,14.99,33.99,medium,low,6,name.com,,,13/08/2026 11:51
8483a204-a418-4f19-b6f9-d3bb0c44679f,hari.management,available,8.24,21.62,high,low,4,dynadot,,,29/09/2026 09:52
9aa057b6-f3a4-43fb-975f-465664779298,apocalypse.management,available,26.98,34.98,medium,low,10,namecheap,,,19/09/2026 18:10
603e997f-7e80-44ba-bee7-600d40859021,gonzalez.management,available,25.99,25.99,high,low,8,namesilo,,,25/09/2026 16:13
24c6032d-e74f-4fd2-8e1e-1ddea903c79e,sexed.management,available,25.99,25.99,medium,low,5,namesilo,,,10/09/2026 05:13
bec0b5f8-830f-4d06-8143-91770cdfc9e2,piping.management,available,25.99,25.99,medium,low,6,namesilo,,,10/09/2026 19:43
f791a43f-b6d9-4546-a098-5fd4b7f735fa,dancers.management,available,25.99,25.99,high,low,7,namesilo,,,20/09/2026 05:50
c4d50d4a-95ac-4121-a54e-4aaa169c40a0,clumsy.management,available,25.99,25.99,high,low,6,namesilo,,,23/09/2026 11:20
49824aee-e12f-4037-bbc1-783ec6614f32,frightening.management,available,20.9,20.9,medium,low,11,spaceship,,,28/09/2026 11:19
04ec092d-f9e6-466a-a93b-0054f539bc97,protocols.management,available,25.99,25.99,medium,low,9,namesilo,,,19/09/2026 04:47
fee2415e-d4fa-4f0a-b3f9-90d4756fe94e,solely.management,available,14.99,33.99,high,low,6,name.com,,,
44454d5c-0dc7-4456-b799-158236306379,syncarpous.management,available,25.99,25.99,medium,low,10,namesilo,,,11/09/2026 06:11
f8374334-3e7f-4421-852b-402c36fa7b42,goodness.management,available,43.99,43.99,high,low,8,godaddy,,,28/09/2026 02:02
80e3fc67-e396-42c4-a85e-8e4845c6b83a,chocolate.management,available,20.9,20.9,high,low,9,spaceship,,,28/09/2026 09:05
9a73f363-8c0e-44a9-a5fb-f90c53fcab5f,quota.management,available,20.2,20.2,high,low,5,cloudflare,,,29/09/2026 07:55
bd7ec977-caf6-4a9d-acba-76acf08a54a3,ghostlike.management,available,14.99,33.99,medium,low,9,name.com,,,06/08/2026 05:23
a7f6efc9-b0b8-4baa-b3d0-6dc5fcaa98d8,valentine.management,available,25.99,25.99,high,low,9,namesilo,,,26/09/2026 00:29
a5e4e6f1-606b-44ee-bf8a-2eab24d3c457,tabular.management,available,25.99,25.99,high,low,7,namesilo,,,11/09/2026 06:55
faf12e61-ef19-4c85-99a4-6fb3f7519f90,disco.management,available,8.24,21.62,high,low,5,dynadot,,,29/09/2026 15:27
d7dbc9da-6a2d-4c77-b10a-7e902036558f,bottles.management,available,25.99,25.99,high,low,7,namesilo,,,18/09/2026 04:05
66e977fa-ce5f-4264-88c3-5390d6c15c73,sympathetic.management,available,14.99,,high,low,11,name.com,,,
d1fabbdc-46dd-44e3-b21d-bccf2f823b53,avidly.management,available,25.99,25.99,medium,low,6,namesilo,,,13/09/2026 22:53
f24977b0-327f-4c9b-b2cd-dcf792c45f55,scour.management,available,25.99,25.99,high,low,5,namesilo,,,10/09/2026 00:23
a70c8cb4-009a-4410-8818-97a639a5d340,pettily.management,available,25.99,25.99,low,low,7,namesilo,,,15/09/2026 19:44
50822b5a-1fdd-49a0-9543-5c09f5d4c768,earthquake.management,available,20.9,20.9,high,low,10,spaceship,,,27/09/2026 13:14
572ae832-faad-4d3c-a76d-12456b2cd86f,artaxerxes.management,available,25.99,25.99,medium,low,10,namesilo,,,20/09/2026 10:06
6998d366-d7cf-4f2d-a067-e6237d505f3c,summers.management,available,25.99,25.99,medium,low,7,namesilo,,,29/09/2026 05:53
5d9f65c7-803a-4ec1-9744-2901d8103230,tumescent.management,available,14.99,33.99,medium,low,9,name.com,,,22/08/2026 08:52
e98f300f-531e-4651-a6ea-9ab9c2cd3033,disturbance.management,available,25.99,25.99,medium,low,11,namesilo,,,28/09/2026 12:34
1c8a8a6a-36c8-4b5f-b6a0-13aab56da854,closer.management,available,8.24,21.62,high,low,6,dynadot,,,28/09/2026 14:02
b821acc9-d7b5-45cf-ac55-bc13fc33495b,plait.management,available,14.99,33.99,high,low,5,name.com,,,24/09/2026 07:55
4b40c244-b40c-40f6-a9e0-b1cba3f3b1ed,riant.management,available,14.99,33.99,medium,low,5,name.com,,,22/08/2026 20:55
c31f57b1-cff6-4e42-a7b3-e68841aa8c12,barrister.management,available,25.99,25.99,high,low,9,namesilo,,,22/09/2026 08:39
d0e8c994-7647-4168-8fa5-8d3c32426e10,eulogy.management,available,25.99,25.99,high,low,6,namesilo,,,05/09/2026 00:43
21d2465d-8dba-4a09-8074-e966847c0716,hirschfeld.management,available,25.99,25.99,medium,low,10,namesilo,,,18/09/2026 01:20
46d88b10-bdbd-4c71-9fb3-1a8596b333ca,stimulant.management,available,14.99,33.99,high,low,9,name.com,,,17/08/2026 16:30
3c358ca7-1bc5-465a-a1ed-ddcc6659adba,sakharov.management,available,26.98,34.98,medium,low,8,namecheap,,,19/09/2026 04:30
8bb858ec-7209-4c68-85a6-d1a63bf3bc33,minor.management,available,26.98,34.98,high,low,5,namecheap,,,25/09/2026 20:28
90235f24-8f53-482c-9554-2e8ec5c0a5be,arginine.management,available,25.99,25.99,medium,low,8,namesilo,,,20/09/2026 04:24
50dc4b16-2a8f-4d90-8ca5-902aeca8ba38,whatsoever.management,available,25.99,25.99,medium,low,10,namesilo,,,22/09/2026 06:59
ee8b3c6a-3c22-4eda-9952-36fecbcb62f5,chelonian.management,available,14.99,33.99,low,low,9,name.com,,,12/08/2026 04:08
6c24be37-4773-4918-9d5e-32d6bd1ea0b2,liqueur.management,available,14.99,33.99,high,low,7,name.com,,,13/08/2026 01:02
7e2937e5-6df4-4b53-9e31-dc42129864d2,bps.management,available,25.99,25.99,high,low,3,namesilo,,,23/09/2026 22:46
92852165-ffe9-4eb1-ab9a-b17e02e83581,fooling.management,available,14.99,33.99,high,low,7,name.com,,,18/08/2026 10:35
158cb8ce-8625-414c-b6a6-290ca1730ea1,exclamation.management,available,14.99,,high,low,11,name.com,,,
d3bed9cd-b459-453c-a5f1-ca0758db928c,leader.management,resell,,,high,low,6,"NameSilo, LLC",04/07/2019 18:06,04/07/2027 18:06,30/09/2026 02:28
43887f38-ea86-4f5e-8eca-c467dff9a46e,grandpas.management,available,25.99,25.99,medium,low,8,namesilo,,,21/09/2026 09:18
0fb230aa-547b-4d0c-8a89-60246bec424a,whitby.management,available,20.9,20.9,medium,low,6,spaceship,,,29/09/2026 23:34
d8685160-c7ad-4537-9bcc-6a6bec13ad89,population.management,available,25.99,25.99,high,low,10,namesilo,,,27/09/2026 05:04
7bb310dd-23e3-4734-a0d2-f47cd5c54799,anglophobe.management,available,25.99,25.99,medium,low,10,namesilo,,,19/09/2026 06:55
58f59665-aba2-4616-9551-483f49cbeaf7,taut.management,available,25.99,25.99,high,low,4,namesilo,,,11/09/2026 09:17
c8b50912-bf89-4471-b488-d7d1e2cb5c79,galbraith.management,available,20.2,20.2,medium,low,9,cloudflare,,,29/09/2026 07:01
0f576bb6-2122-447a-a7b6-ddcb1cd0d9cb,exclusively.management,available,14.99,,medium,low,11,name.com,,,
4714f144-19a6-485d-97ed-b06fe3140d1f,engineers.management,available,20.9,20.9,high,low,9,spaceship,,,28/09/2026 04:20
0921b4e2-fbc4-4e04-a496-e7712c3edb59,reality.management,available,25.99,25.99,high,low,7,namesilo,,,26/09/2026 00:09
74dfd991-cc12-4f41-8a3a-46aceec3f7d2,victorian.management,available,25.99,25.99,high,low,9,namesilo,,,27/09/2026 05:38
db01b977-4aec-42ac-81f5-d0a74d1e1323,towels.management,available,25.99,25.99,high,low,6,namesilo,,,18/09/2026 12:23
c4785534-42e6-4f35-91dd-b17ad0540b4a,enactment.management,available,25.99,25.99,high,low,9,namesilo,,,17/09/2026 04:06
c9404fbe-108b-496e-8621-554df241a2a4,alizarine.management,available,25.99,25.99,medium,low,9,namesilo,,,18/09/2026 08:13
86c98fcb-40a2-4452-871b-c82a331f46eb,consequence.management,available,20.9,20.9,high,low,11,spaceship,,,28/09/2026 15:40
fed8f7fe-944f-4869-95b9-cdf975913c61,snowed.management,available,25.99,25.99,medium,low,6,namesilo,,,20/09/2026 16:23
1675e620-bc1b-45d1-b04f-5071598f6554,cabinet.management,available,25.99,25.99,high,low,7,namesilo,,,24/09/2026 11:32
171f692b-3520-4495-8670-da34554002cd,paste.management,available,20.2,20.2,high,low,5,cloudflare,,,29/09/2026 20:56
7a899ac8-0db7-47c4-8bac-e9ba2fdf6d14,geese.management,available,14.99,,medium,low,5,name.com,,,
9600c0aa-2faa-41f0-8ccb-aac7d5fcb268,prototypes.management,available,20.9,20.9,medium,low,10,spaceship,,,28/09/2026 06:46
ab907400-75fa-4cf9-bfd8-aecd4bc2a3df,soundbar.management,available,14.99,,high,low,8,name.com,,,
b13cad39-2feb-4374-ab02-816a0e491326,presses.management,available,8.24,21.11,medium,low,7,porkbun,,,30/09/2026 00:10
a0c3d8d9-9af1-4bd5-8bfe-c60159c44af0,parve.management,available,25.99,25.99,medium,low,5,namesilo,,,08/09/2026 01:27
588524a7-43cc-4ba2-bcf3-93b0b9cee811,receptions.management,available,26.98,34.98,medium,low,10,namecheap,,,20/09/2026 06:10
42ba2064-fbdb-43c8-a9d8-088814b88d77,lividly.management,available,14.99,33.99,low,low,7,name.com,,,15/09/2026 12:36
6b49f1f8-08c0-4e07-907d-872475e5480f,was.management,available,14.99,,medium,low,3,name.com,,,
08c8a095-46af-4590-a322-49c7c021c452,feigned.management,available,14.99,33.99,medium,low,7,name.com,,,18/08/2026 00:43
c61fb74b-576f-4950-a166-5271e6375304,hoist.management,available,20.9,20.9,high,low,5,spaceship,,,30/09/2026 01:53
b82a9052-aaac-4e47-91c3-acacbca48707,realise.management,available,8.24,21.11,high,low,7,porkbun,,,27/09/2026 16:29
6678eda3-94d7-40c5-b3d7-34b743df2a9b,favourite.management,available,14.99,33.99,high,low,9,name.com,,,13/08/2026 18:17
80c6953e-47d2-44da-9822-afd7ea186819,virginal.management,available,14.99,33.99,high,low,8,name.com,,,13/09/2026 05:57
41e27c57-79c6-4a06-bca8-508d650e2e16,ionised.management,available,14.99,33.99,medium,low,7,name.com,,,22/08/2026 09:33
21876a6c-dfc3-44bd-b4ad-6776310ebb62,grazed.management,available,14.99,33.99,medium,low,6,name.com,,,20/08/2026 19:29
54bbdba2-91f5-4878-8f0f-7ba8f5b55495,aloud.management,available,25.99,25.99,high,low,5,namesilo,,,25/09/2026 14:25
d0a0c18c-195b-4be5-94d5-b4a61c3be953,zirconium.management,available,25.99,25.99,medium,low,9,namesilo,,,20/09/2026 23:04
9e3dc525-3b58-4312-a793-682dc2d9bb16,maidenly.management,available,14.99,33.99,medium,low,8,name.com,,,24/08/2026 13:14
511a219f-093d-4818-a80d-aa3f2e7796f9,struggling.management,available,25.99,25.99,medium,low,10,namesilo,,,10/09/2026 22:52
04e457c7-ab30-4157-ad56-9997ec2472cb,sevenup.management,available,14.99,,high,low,8,name.com,,,
320474df-9d0b-410a-9756-3a74e45b0677,donner.management,available,20.9,20.9,medium,low,6,spaceship,,,29/09/2026 20:47
8411f112-c5ec-4f12-8a09-b71ea5021c73,impractical.management,available,14.99,,medium,low,11,name.com,,,
10a1e450-7ff1-4dc9-9952-5bbcfeaddb6e,conditionally.management,available,25.99,25.99,medium,low,13,namesilo,,,29/09/2026 14:42
da954a60-44a5-4aca-9399-a1e63907a86d,lodi.management,available,20.2,20.2,medium,low,4,cloudflare,,,29/09/2026 15:13
5ce74c2d-cf63-40f7-9b2c-81ca414d2467,vulpine.management,available,25.99,25.99,medium,low,7,namesilo,,,13/09/2026 07:26
a632c5ce-c6b4-4398-b4c6-07fc565dfa0c,habited.management,available,14.99,33.99,medium,low,7,name.com,,,20/08/2026 21:27
d9d3b2c0-9fe3-4654-acd2-a7fed86afa13,eroding.management,available,25.99,25.99,medium,low,7,namesilo,,,13/09/2026 09:08
4110eb63-2705-4c13-9d70-03035f8bcc81,scheme.management,available,14.99,,high,low,6,name.com,,,
ce7457f3-72b6-425e-84b8-d01c0efbb044,iwo.management,available,20.9,20.9,high,low,3,spaceship,,,29/09/2026 19:21
e28acde7-e6f6-4aeb-9d30-8de0983cb635,antiquity.management,available,25.99,25.99,medium,low,9,namesilo,,,19/09/2026 03:50
21a5809e-b673-4b15-af4c-969ac803ad94,devotedly.management,available,25.99,25.99,medium,low,9,namesilo,,,14/09/2026 12:28
dc2d8129-eae7-4f41-98fc-eb4d8d9b5b04,lieutenant.management,available,20.2,20.2,high,low,10,cloudflare,,,28/09/2026 02:16
766d1782-ecc8-4a55-b366-7c513954c66e,odorous.management,available,25.99,25.99,medium,low,7,namesilo,,,04/09/2026 00:54
5160a4fd-2b67-4398-a4fb-0741c18dc847,fair.management,available,25.99,25.99,high,medium,4,namesilo,,,22/09/2026 23:43
7e3595bb-1727-408e-89f3-1a9f0319eb91,dilatory.management,available,14.99,33.99,medium,low,8,name.com,,,14/08/2026 07:31
f0a00c4d-385f-43ed-ac71-73248ae1dd67,azoic.management,available,14.99,33.99,medium,low,5,name.com,,,08/08/2026 02:22
a6d039d4-8039-40fc-ad8a-017a094ae0b2,kickshaw.management,available,14.99,33.99,medium,low,8,name.com,,,13/08/2026 15:56
78a4ffcc-040f-4822-9c7e-59e695121eac,slam.management,available,25.99,25.99,high,low,4,namesilo,,,28/09/2026 13:22
0f3b487f-fe4d-498d-bcb4-171d6d380d76,skipping.management,available,20.9,20.9,high,low,8,spaceship,,,29/09/2026 08:59
c016b41f-9437-42c9-b044-089ef668f14a,borgia.management,available,25.99,25.99,medium,low,6,namesilo,,,18/09/2026 05:55
949d2b05-0cc5-49b7-bd96-dd38f7a28534,qualify.management,available,25.99,25.99,high,low,7,namesilo,,,28/09/2026 06:57
6dff8125-0a12-4ad2-b40f-c779310d1a07,revenant.management,available,25.99,25.99,high,low,8,namesilo,,,09/09/2026 12:04
e000a7bf-e5b2-44cc-a419-b27c6d573b77,specialize.management,available,25.99,25.99,high,low,10,namesilo,,,29/09/2026 14:15
3e7bc017-4bc8-4df0-a868-6ddba9520493,glory.management,available,20.2,20.2,high,low,5,cloudflare,,,29/09/2026 20:52
fb14d5b4-b8cb-4b0b-9159-1a63d870ed7e,bluewing.management,available,25.99,25.99,medium,low,8,namesilo,,,19/09/2026 02:57
6024174d-818d-45af-af2e-6c416ebd20b9,spotty.management,available,25.99,25.99,medium,low,6,namesilo,,,10/09/2026 16:37
b7ebedef-8097-4aca-a977-4bc54089203e,pole.management,available,26.98,34.98,high,low,4,namecheap,,,24/09/2026 13:25
5ac1e081-0b5a-42d4-a7af-6ee9a0f742c7,nourished.management,available,25.99,25.99,high,low,9,namesilo,,,03/09/2026 22:12
5558031f-90b0-4293-ad5b-6d42746a6221,avoided.management,available,20.2,20.2,low,low,7,cloudflare,,,29/09/2026 05:05
0106c9f9-1771-4f77-9672-1f2d5731619a,indigenous.management,available,14.99,33.99,high,low,10,name.com,,,07/08/2026 19:31
23563e81-8353-463d-aa54-0bd3dd1c8855,squirrel.management,available,14.99,,high,low,8,name.com,,,
1d525ab0-9803-44f9-8a77-0d84c7651d19,fling.management,available,25.99,25.99,high,low,5,namesilo,,,29/09/2026 15:22
576b3f00-b3be-479a-bcb0-554c8b2a53a7,throwback.management,available,25.99,25.99,high,low,9,namesilo,,,11/09/2026 15:00
caa95b82-ad77-4ffd-94ef-991994495cb9,pays.management,available,25.99,25.99,medium,low,4,namesilo,,,25/09/2026 17:21
725c9b15-c033-432b-95fa-1c3a3f8b76f8,poses.management,available,25.99,25.99,medium,low,5,namesilo,,,29/09/2026 17:20
59a2a446-62eb-49bf-8f26-c3e330d4776d,cbe.management,available,8.24,21.62,high,low,3,dynadot,,,29/09/2026 09:19
fcf1632f-5065-4f66-b06f-03bc39d58deb,ambystoma.management,available,25.99,25.99,medium,low,9,namesilo,,,18/09/2026 17:36
d75acc1c-5399-47a8-9057-10310f79130a,brachial.management,available,14.99,33.99,medium,low,8,name.com,,,11/08/2026 00:19
e30cf106-0c7c-4aed-a0d2-14150633aebc,biography.management,available,26.98,34.98,high,low,9,namecheap,,,23/09/2026 18:09
e89d39ed-bf80-46eb-8981-1d38d72d74fe,torment.management,available,14.99,33.99,medium,low,7,name.com,,,14/08/2026 21:14
6dbfd70d-85ae-442c-84db-76025c5172c5,monitored.management,available,20.2,20.2,medium,low,9,cloudflare,,,29/09/2026 10:56
e402261e-ef98-4d4b-98b2-5374a731ea8b,participants.management,available,25.99,25.99,medium,low,12,namesilo,,,18/09/2026 04:57
5b6f92c3-c5d4-44dc-b889-a639dfc5a267,permission.management,available,25.99,25.99,high,low,10,namesilo,,,25/09/2026 09:53
15168267-dae0-480d-8495-dc9e05ca37ef,lavishly.management,available,25.99,25.99,medium,low,8,namesilo,,,15/09/2026 11:03
125b42fc-f0d7-4005-8627-3da293ccd77a,clause.management,available,25.99,25.99,high,low,6,namesilo,,,24/09/2026 15:20
ad1c5b69-0212-4776-bfc0-f04e2c6f9058,sparta.management,available,20.9,20.9,high,low,6,spaceship,,,29/09/2026 08:05
fa31c936-f015-4add-969a-fd3fda91d44b,disk.management,available,20.9,20.9,high,low,4,spaceship,,,29/09/2026 15:10
6fe593d0-536c-4e0f-b3d4-6fb3f7d4fba3,systematic.management,available,25.99,25.99,high,low,10,namesilo,,,11/09/2026 06:44
003ec946-ec23-4192-8dd0-b0ec24ee6c5a,aldol.management,available,25.99,25.99,high,low,5,namesilo,,,18/09/2026 04:25
7c7df221-549f-4d0e-9757-08b64769170f,crusade.management,available,20.2,20.2,high,low,7,cloudflare,,,28/09/2026 09:29
60799cbb-e7ad-46ae-a338-7a40d9ffdbef,includes.management,available,20.9,20.9,low,low,8,spaceship,,,28/09/2026 08:22
c0f21964-20b5-43e2-825c-12b4c692d8b0,balletic.management,available,14.99,33.99,high,low,8,name.com,,,08/08/2026 10:26
d4ea4919-e55c-4448-bcca-8cf9ad5a9fc7,afters.management,available,25.99,25.99,high,low,6,namesilo,,,17/09/2026 15:48
120d0f66-d1b3-4feb-a335-c1fc5e61b7d3,anachronic.management,available,14.99,33.99,medium,low,10,name.com,,,
bf6a2f55-d763-48a8-a4da-a066490ad923,relies.management,available,25.99,25.99,medium,low,6,namesilo,,,20/09/2026 06:27
bc9779e9-e15f-4ee7-a3ba-af9e857b41a3,theatres.management,available,26.98,34.98,medium,low,8,namecheap,,,20/09/2026 19:41
69f51205-8b25-4e52-ae4c-ddcdabe2918b,conjugal.management,available,14.99,33.99,medium,low,8,name.com,,,12/08/2026 22:07
42c3b7ea-b13c-4a10-8428-9b144764f728,visualize.management,available,25.99,25.99,high,low,9,namesilo,,,24/09/2026 16:39
404f81ee-185e-479e-93ee-ec4fcefda5a0,cataphatic.management,available,14.99,33.99,medium,low,10,name.com,,,11/08/2026 21:04
b34cde54-d1fa-4f91-baef-7eca4444a25f,balsamic.management,available,25.99,25.99,high,low,8,namesilo,,,22/09/2026 16:34
50bac4f4-3964-452d-854e-5ed4de8b954c,raced.management,available,26.98,34.98,high,low,5,namecheap,,,30/09/2026 00:22
e17a0910-2239-42d2-a9af-9035427b34c2,knock.management,available,25.99,25.99,high,low,5,namesilo,,,27/09/2026 03:49
9e47f118-d3b0-471b-bd72-1ed31d258044,fatally.management,available,26.98,34.98,medium,low,7,namecheap,,,14/09/2026 17:51
f31935b5-9210-4bdd-a5b3-e723717be9dc,drycleaning.management,available,25.99,25.99,high,low,11,namesilo,,,21/09/2026 04:39
cc607557-22e1-4cc3-8494-3eaf490f325d,misunderstood.management,available,20.9,20.9,medium,low,13,spaceship,,,29/09/2026 02:48
fd38fcd0-e227-4eed-904e-81d12045664c,repeal.management,available,25.99,25.99,high,low,6,namesilo,,,16/09/2026 17:15
7a6e5e43-fb2d-4114-8736-57daf7368bf2,aia.management,available,20.9,20.9,high,low,3,spaceship,,,28/09/2026 21:25
9692abad-2389-480e-87b8-b8692c5c672b,wasting.management,available,25.99,25.99,medium,low,7,namesilo,,,21/09/2026 00:58
f188dc9d-7dbb-4e22-b8df-cb36875e87fc,ridiculous.management,available,26.98,34.98,high,low,10,namecheap,,,24/09/2026 06:27
5acd2d04-bad2-44c2-bd19-e0f6117a39ac,estimate.management,available,20.2,20.2,high,low,8,cloudflare,,,28/09/2026 21:56
6c27aeca-eb89-47c8-acb6-a695aef26252,darkened.management,available,14.99,33.99,medium,low,8,name.com,,,13/08/2026 18:08
782e3251-d690-43d6-9ae6-a969e921f4d3,margot.management,available,20.9,20.9,high,low,6,spaceship,,,28/09/2026 21:14
72499052-5136-4a25-93cd-72a8a8b45d6d,laborer.management,available,25.99,25.99,high,low,7,namesilo,,,30/09/2026 01:52
104dedc2-8bcb-49bf-8eb4-e7cd6d76577f,achilles.management,available,26.98,34.98,high,low,8,namecheap,,,17/09/2026 00:40
5c2ab3d5-28d2-495f-af78-1f5cf939cef6,began.management,available,14.99,,medium,low,5,name.com,,,
288e0f6b-6884-4487-8b36-ea5286ed30ee,dexter.management,available,14.99,33.99,high,low,6,name.com,,,14/08/2026 05:26
0712ac46-b040-4326-820c-7c4936556b14,urbanely.management,available,25.99,25.99,medium,low,8,namesilo,,,16/09/2026 10:27
e907ac0a-6c5b-49c4-b20a-2a0e69e484ca,nodding.management,available,14.99,33.99,high,low,7,name.com,,,12/08/2026 00:48
c373d14a-fbe2-4429-ae08-42b0b505d143,leavitt.management,available,8.24,21.11,medium,low,7,porkbun,,,29/09/2026 04:25
a85d46c1-dbee-49fd-b8a6-c265cfffb81c,endurance.management,available,20.9,20.9,high,low,9,spaceship,,,29/09/2026 18:12
60141d22-077d-46ad-be0f-35351c2ee648,weakness.management,available,14.99,33.99,medium,low,8,name.com,,,17/08/2026 20:45
f39f7cdc-529d-489c-bf00-57c182533257,nod.management,available,25.99,25.99,high,low,3,namesilo,,,28/09/2026 10:34
5d6fd413-cca0-447a-8524-7a87e7288a98,vehement.management,available,25.99,25.99,medium,low,8,namesilo,,,11/09/2026 09:44
78b22bb6-c27c-4318-93ee-1b93a637f667,pegs.management,available,25.99,25.99,medium,low,4,namesilo,,,20/09/2026 09:49
403295b8-1924-445b-8e45-b229061cd99a,awe.management,available,20.2,20.2,high,low,3,cloudflare,,,28/09/2026 23:47
70064366-9586-4343-923b-abb9254aa067,goosebumps.management,available,25.99,25.99,medium,low,10,namesilo,,,19/09/2026 00:04
d0d0ab66-cc3e-4a56-88a4-6540f54b40d1,acores.management,available,26.98,34.98,medium,low,6,namecheap,,,17/09/2026 02:16
719259a8-7b4d-4c13-8d0b-bd83b2a30842,gustave.management,available,20.9,20.9,medium,low,7,spaceship,,,28/09/2026 09:09
ff1ee054-6d0d-4905-a70a-b86c56f7e504,semitropic.management,available,25.99,25.99,medium,low,10,namesilo,,,10/09/2026 03:36
db2b14ee-7784-484e-92fe-df41f37c287d,convoy.management,available,25.99,25.99,high,low,6,namesilo,,,28/09/2026 13:45
7f92137b-69df-4b86-b843-13423524a461,titles.management,available,26.98,34.98,medium,low,6,namecheap,,,18/09/2026 13:24
b044d6eb-57a4-4f26-ad5d-8cf83a096936,excavation.management,available,25.99,25.99,high,low,10,namesilo,,,20/09/2026 01:55
9784d2b9-1525-49df-9d1f-77485d365a16,institute.management,available,20.9,20.9,high,low,9,spaceship,,,28/09/2026 06:02
8c423b37-df36-44e3-8d18-a0f890336ee1,bindable.management,available,14.99,33.99,medium,low,8,name.com,,,09/08/2026 23:44
67ac3bcd-87fb-48a6-a2d4-0ea223b6768c,drank.management,available,25.99,25.99,high,low,5,namesilo,,,28/09/2026 08:20
b5c4ce13-86e6-4dde-ab13-c812f9b7c8c0,pennsylvania.management,available,25.99,25.99,high,low,12,namesilo,,,28/09/2026 11:48
9036e7ca-3669-4319-b2d1-c61ea3e65d32,whiney.management,available,25.99,25.99,medium,low,6,namesilo,,,09/09/2026 08:35
6a3e4059-c92c-4709-9a6c-a9ca30bdea71,seaworthy.management,available,25.99,25.99,high,low,9,namesilo,,,10/09/2026 01:05
8974c64f-0d75-46ba-838c-1fad5ec55a5c,lager.management,available,43.99,43.99,high,low,5,godaddy,,,30/09/2026 01:47
d4071bcc-5f33-454a-b2bc-02b4e93198a2,peppery.management,available,25.99,25.99,medium,low,7,namesilo,,,08/09/2026 15:37
3d596845-eb8e-446f-b839-4799b1bb673f,reddish.management,available,25.99,25.99,high,low,7,namesilo,,,19/09/2026 03:49
7458d255-87c1-403b-8614-70bc3c22bdaa,naughty.management,available,14.99,33.99,high,low,7,name.com,,,18/08/2026 20:00
18593358-ad01-4f24-b93e-263cdeaeef4d,technological.management,available,25.99,25.99,medium,low,13,namesilo,,,29/09/2026 02:31
22df4d35-e2de-4770-b076-0d568d4b019a,childish.management,available,14.99,33.99,high,low,8,name.com,,,12/08/2026 05:02
53e7f134-d202-4d8d-883f-4ab18254dc73,improvable.management,available,14.99,33.99,high,low,10,name.com,,,21/08/2026 23:14
5be1a9dc-ecc8-4a2a-94a0-57b09b97e86e,curse.management,available,25.99,25.99,high,low,5,namesilo,,,24/09/2026 04:27
06f855b4-8c28-491a-8432-752ee62d9105,renunciant.management,available,25.99,25.99,medium,low,10,namesilo,,,09/09/2026 14:23
424f66df-c55f-4cce-92e8-7d5e653d6437,balloonist.management,available,26.98,34.98,high,low,10,namecheap,,,21/09/2026 23:14
0d2af79d-36a8-45a3-9a6c-2a168aea9402,pleased.management,available,25.99,25.99,high,low,7,namesilo,,,27/09/2026 04:08
aecd94a7-566e-4845-8ffa-f8a47dc0204b,wilted.management,available,14.99,33.99,medium,low,6,name.com,,,23/08/2026 13:24
50e8076b-ea34-4bff-9f8e-546c117335e1,elderly.management,available,25.99,25.99,high,low,7,namesilo,,,21/09/2026 22:30
29ebf85c-7184-4145-870c-1511193b9a3d,upmarket.management,available,25.99,25.99,high,low,8,namesilo,,,12/09/2026 23:13
104dd08f-d3f7-47f2-9149-ec11f5836b68,sweetish.management,available,25.99,25.99,medium,low,8,namesilo,,,11/09/2026 05:36
1a08cf6a-e5b2-4ee1-ac62-e5634ddcb453,viciously.management,available,14.99,33.99,medium,low,9,name.com,,,14/09/2026 01:35
40d43ef2-caa9-4413-9c11-378955a7df60,sybarite.management,available,25.99,25.99,medium,low,8,namesilo,,,13/09/2026 07:15
7d62f244-bac2-4d7c-834d-2cae05935db5,preview.management,available,14.99,,high,low,7,name.com,,,
965b23ec-2a03-4966-9714-a2e9fdb37c29,andover.management,available,25.99,25.99,medium,low,7,namesilo,,,27/09/2026 18:38
affcd367-1818-4125-9346-5ab10078bb26,darius.management,available,25.99,25.99,high,low,6,namesilo,,,27/09/2026 07:28
5cbc4ab1-8b97-466c-b9e6-9fcd71a5011f,sasha.management,available,25.99,25.99,high,low,5,namesilo,,,28/09/2026 08:29
3cbc0997-122a-4fd2-bdeb-865060775715,disneyland.management,available,25.99,25.99,high,low,10,namesilo,,,29/09/2026 16:04
99f0fd6b-0a3f-4a9d-a452-4ef64b7411ef,temptation.management,available,20.9,20.9,high,low,10,spaceship,,,28/09/2026 09:41
4b2b46c0-972a-4312-a5f2-9430837c60ce,beirut.management,available,26.98,34.98,high,low,6,namecheap,,,22/09/2026 18:14
dcd19bae-d625-430b-b200-fe3f628f1d9c,interface.management,available,20.9,20.9,high,low,9,spaceship,,,28/09/2026 19:29
5622af14-9745-4289-991a-c9aaf023d56e,allie.management,available,25.99,25.99,high,low,5,namesilo,,,17/09/2026 22:42
be2bf09a-ea94-44fb-9db0-9e7f7f3046d1,blahs.management,available,25.99,25.99,medium,low,5,namesilo,,,24/09/2026 03:42
bb7e4371-eb44-421a-8683-a1c21706a6bb,trier.management,available,25.99,25.99,medium,low,5,namesilo,,,21/09/2026 01:21
cda8bd63-47b7-466a-a45f-7469d97da6d1,customize.management,available,14.99,,high,low,9,name.com,,,
edfc37d9-d0b5-4d4a-a9df-a180f85cc81f,socially.management,available,25.99,25.99,high,low,8,namesilo,,,16/09/2026 03:57
0939767f-c473-4ac8-951c-7c3c1806a855,mere.management,available,26.98,34.98,high,low,4,namecheap,,,25/09/2026 19:33
d19f9146-2672-46e8-ab66-8ad6f2a92908,herald.management,available,25.99,25.99,high,low,6,namesilo,,,16/09/2026 22:39
9f2667a3-5f3d-4a7e-9ba4-bfe2f7919c35,interred.management,available,14.99,33.99,medium,low,8,name.com,,,11/08/2026 10:36
1dd1551c-8893-46a4-9903-345dd253c1f3,seaside.management,available,14.99,,high,low,7,name.com,,,
53652e93-6124-4923-9897-2ba8d895179e,closest.management,available,8.24,21.62,medium,low,7,dynadot,,,28/09/2026 14:05
94e8cf65-060c-4b6e-8379-e95d7103cec8,exigent.management,available,14.99,33.99,medium,low,7,name.com,,,13/08/2026 09:31
78a06bc7-24be-4ad2-9efb-d6227c278e21,delivered.management,available,26.98,34.98,medium,low,9,namecheap,,,25/09/2026 18:04
ad5be873-fe7e-4b3e-98dd-337dfbc14bfe,somesing.management,available,14.99,,medium,low,8,name.com,,,
e950796c-fb6c-426e-92f7-47a332b4a143,temerity.management,available,25.99,25.99,medium,low,8,namesilo,,,21/09/2026 02:48
86983574-2c8d-4a25-be95-e66e6e19304b,muffled.management,available,25.99,25.99,medium,low,7,namesilo,,,03/09/2026 10:26
07b1dbc5-3cf9-4397-b60b-93d9f6f399b4,frail.management,available,14.99,33.99,high,low,5,name.com,,,18/08/2026 13:59
ccc487d5-f094-47c6-be49-42d9415c2ee4,luanda.management,available,26.98,34.98,medium,low,6,namecheap,,,19/09/2026 06:58
00d9a88f-2b95-40fd-b6d3-1c1b32d34870,ambulation.management,available,26.98,34.98,medium,low,10,namecheap,,,18/09/2026 17:29
6842dc13-d698-4a1e-91cb-6eb6d44f9e8a,pneumatic.management,available,25.99,25.99,high,low,9,namesilo,,,08/09/2026 22:06
a56d6ae9-b517-4468-b1de-e843cdc42f65,frameworks.management,available,20.9,20.9,high,low,10,spaceship,,,28/09/2026 00:38
c76f4e34-d18d-4a13-a185-7fd9559e2697,insightful.management,available,14.99,33.99,high,low,10,name.com,,,22/08/2026 07:06
bf9fad99-239f-4346-951a-e5b1bc77b62f,pail.management,available,25.99,25.99,medium,low,4,namesilo,,,29/09/2026 04:55
1628c699-43bb-4995-b840-b7674be81edc,mexican.management,available,14.99,33.99,high,low,7,name.com,,,25/09/2026 20:01
38c3f135-2112-4a35-ab1a-f709ccb2c3e9,maternally.management,available,14.99,33.99,medium,low,10,name.com,,,25/08/2026 07:10